utme_score,olevel_credits,attendance_rate,study_hours,prev_gpa,family_income_level,hostel_residence,extracurricular_hours,internet_access,gender,department_load,performance_class
241.0,6.0,96.7,0.8,3.24,1,1,8.3,0,1,25.0,1
194.0,6.0,88.3,4.9,3.07,1,1,0.0,0,1,23.0,1
256.0,9.0,100.0,1.1,3.62,1,1,0.8,0,0,28.0,2
263.0,8.0,54.8,4.5,3.46,0,0,2.0,1,1,25.0,2
162.0,7.0,74.0,2.1,1.31,1,0,5.9,1,0,23.0,0
184.0,8.0,71.1,5.8,3.43,1,0,3.5,1,1,23.0,1
234.0,4.0,48.4,4.4,2.5,0,0,2.2,1,1,24.0,0
219.0,7.0,93.9,1.6,2.25,0,0,5.8,1,0,24.0,1
229.0,9.0,73.9,1.7,2.99,1,0,6.4,0,0,24.0,1
200.0,7.0,89.1,4.2,3.35,0,1,4.0,0,1,22.0,2
261.0,7.0,100.0,2.8,2.12,2,0,2.0,1,1,27.0,1
257.0,8.0,72.7,2.9,3.52,0,0,4.7,1,1,27.0,2
232.0,8.0,71.7,5.2,3.56,1,0,3.4,1,1,31.0,2
269.0,4.0,79.8,2.0,3.13,0,0,3.4,0,0,22.0,1
246.0,5.0,92.8,3.3,2.58,1,1,2.7,1,1,27.0,1
200.0,7.0,69.5,4.7,2.51,1,0,6.3,1,1,16.0,0
243.0,6.0,68.5,4.5,3.72,1,0,4.6,1,1,27.0,2
196.0,9.0,93.9,2.9,2.19,1,0,6.6,0,1,18.0,1
261.0,7.0,83.7,2.7,3.74,1,1,7.3,1,1,20.0,2
228.0,4.0,47.3,0.4,3.0,0,1,5.1,1,1,25.0,0
224.0,5.0,59.6,1.5,3.04,1,0,2.7,1,1,22.0,0
206.0,3.0,100.0,3.7,2.08,1,0,6.6,1,1,21.0,0
273.0,7.0,84.0,3.0,3.01,1,1,5.2,1,1,22.0,2
225.0,7.0,66.6,3.3,3.47,1,1,10.5,1,0,27.0,1
215.0,7.0,75.4,4.9,2.3,1,0,4.8,1,0,20.0,1
218.0,9.0,78.2,1.3,3.4,1,0,5.7,1,1,24.0,1
249.0,9.0,89.0,2.8,3.15,0,0,4.7,0,1,22.0,2
243.0,7.0,57.6,3.5,2.71,0,0,3.8,0,1,27.0,0
244.0,4.0,65.4,2.1,3.61,0,1,3.4,1,1,27.0,1
245.0,8.0,82.1,5.5,1.78,1,1,4.7,0,0,17.0,1
305.0,8.0,76.5,4.7,3.31,2,1,5.3,0,0,28.0,2
216.0,8.0,86.6,3.7,4.07,1,1,6.9,1,1,22.0,2
212.0,9.0,59.6,6.1,3.96,1,0,4.8,1,1,25.0,2
202.0,6.0,83.4,0.8,3.33,0,1,2.8,0,0,20.0,0
252.0,9.0,94.4,3.2,2.92,2,0,3.2,1,0,25.0,2
270.0,6.0,85.3,3.8,2.72,0,0,0.7,1,0,34.0,1
226.0,8.0,80.1,1.7,2.92,1,1,8.2,1,0,25.0,1
201.0,5.0,76.6,3.7,3.43,2,0,2.6,1,1,22.0,1
201.0,6.0,65.5,1.4,2.62,1,1,6.4,1,0,23.0,0
253.0,9.0,76.9,4.3,3.55,0,1,4.7,0,0,18.0,2
256.0,7.0,96.9,4.9,4.38,0,1,4.8,1,1,30.0,2
249.0,8.0,76.2,3.6,3.06,1,1,3.7,0,1,25.0,2
207.0,8.0,64.7,0.2,2.29,0,0,2.0,1,1,20.0,0
238.0,7.0,70.6,1.7,2.29,1,0,1.6,0,0,20.0,1
234.0,9.0,81.0,4.1,3.57,1,1,8.3,0,0,24.0,1
238.0,7.0,72.4,3.2,3.06,0,1,4.3,0,0,28.0,1
261.0,5.0,85.3,0.0,3.63,0,1,6.8,1,1,19.0,0
238.0,6.0,85.8,5.2,2.78,2,0,7.5,0,0,28.0,1
254.0,8.0,91.3,3.4,3.6,1,0,3.0,0,1,24.0,2
232.0,8.0,99.4,1.9,3.01,1,0,5.1,0,1,20.0,2
240.0,5.0,92.9,4.8,2.66,1,1,4.1,1,1,22.0,2
252.0,6.0,64.0,2.1,2.86,0,1,1.1,1,0,31.0,0
179.0,6.0,64.4,2.1,2.38,1,1,3.5,1,0,18.0,0
219.0,7.0,76.9,3.8,4.29,1,0,5.5,1,1,21.0,1
214.0,5.0,71.2,6.0,3.04,1,0,2.8,1,0,28.0,0
208.0,6.0,60.9,5.8,3.49,2,0,3.2,1,1,25.0,2
220.0,6.0,71.4,3.8,2.78,2,0,3.6,0,0,21.0,1
282.0,8.0,70.9,3.9,2.47,1,0,9.3,1,1,28.0,2
200.0,8.0,67.9,4.5,2.96,1,1,0.0,1,1,28.0,1
264.0,7.0,73.3,1.2,3.76,1,0,5.3,0,0,25.0,1
171.0,7.0,95.7,4.2,2.79,1,0,3.4,1,1,22.0,1
218.0,7.0,81.0,2.0,2.58,0,1,2.4,0,1,22.0,0
236.0,6.0,100.0,3.7,3.19,2,1,3.3,1,1,25.0,1
251.0,6.0,80.6,2.8,3.4,2,0,5.7,1,0,19.0,1
255.0,6.0,73.6,4.0,4.09,0,0,5.8,1,0,29.0,1
258.0,6.0,78.1,3.4,3.31,2,1,4.5,1,1,31.0,1
218.0,6.0,81.8,0.0,3.49,2,1,6.7,1,0,23.0,0
214.0,7.0,84.5,3.5,3.53,1,1,7.2,1,1,25.0,1
260.0,8.0,100.0,4.2,2.41,2,0,6.0,0,0,29.0,2
223.0,5.0,65.3,3.9,2.52,0,0,2.6,1,1,32.0,0
185.0,7.0,90.9,3.0,2.45,0,1,5.2,1,0,30.0,0
190.0,7.0,81.1,5.8,2.3,0,0,5.2,1,1,17.0,1
198.0,8.0,54.4,3.7,3.58,1,0,2.0,1,0,23.0,0
247.0,7.0,89.6,3.9,3.27,1,1,0.1,0,0,26.0,2
235.0,5.0,97.0,4.9,3.15,2,0,0.0,0,0,22.0,2
254.0,5.0,65.1,3.8,1.54,0,1,4.2,0,1,31.0,0
215.0,7.0,77.9,1.8,4.33,0,1,4.7,0,0,31.0,2
236.0,9.0,52.1,0.0,2.56,1,0,1.0,1,1,21.0,0
252.0,4.0,59.1,2.4,4.33,0,1,6.6,1,0,23.0,1
219.0,8.0,93.7,4.4,2.23,1,0,4.4,1,1,21.0,1
246.0,9.0,71.0,2.6,2.61,1,1,7.4,1,1,23.0,1
207.0,7.0,61.4,4.5,1.78,2,1,4.9,1,0,23.0,0
217.0,8.0,81.4,3.4,3.32,1,1,1.3,1,0,28.0,1
217.0,6.0,70.2,5.3,2.44,0,0,5.1,1,0,20.0,0
188.0,7.0,70.9,2.7,2.46,0,1,5.7,1,1,15.0,0
247.0,5.0,89.1,3.9,2.28,0,1,2.6,1,1,18.0,1
214.0,4.0,60.6,4.0,3.57,2,1,0.4,1,0,20.0,1
230.0,9.0,64.4,5.6,3.53,1,1,4.3,1,1,21.0,2
247.0,6.0,80.3,0.5,4.19,1,0,1.5,0,1,25.0,1
246.0,7.0,92.5,2.5,2.69,0,1,6.8,1,1,20.0,1
253.0,5.0,96.6,4.6,3.23,2,0,3.0,1,1,19.0,2
227.0,5.0,68.0,5.7,2.33,0,0,8.3,1,1,20.0,1
215.0,7.0,92.1,3.6,2.9,1,1,0.0,1,1,20.0,1
227.0,6.0,66.2,2.7,2.79,1,1,4.3,1,1,22.0,1
171.0,8.0,100.0,4.4,3.38,0,1,7.6,1,0,22.0,1
179.0,8.0,61.0,4.6,3.71,1,0,1.8,1,1,27.0,1
184.0,8.0,97.9,2.6,3.69,0,0,3.6,1,1,20.0,1
195.0,8.0,68.2,3.7,2.59,1,0,3.0,1,1,23.0,0
244.0,9.0,100.0,5.1,3.7,2,0,2.3,0,0,22.0,2
198.0,6.0,86.9,6.2,3.07,1,1,4.6,1,1,27.0,1
217.0,7.0,62.8,4.4,2.91,2,1,0.8,1,0,23.0,0
275.0,9.0,70.2,3.3,2.67,1,0,3.7,0,1,28.0,1
218.0,9.0,89.7,3.1,2.76,0,0,5.3,1,0,19.0,1
256.0,5.0,93.8,4.1,4.15,1,0,3.5,0,1,24.0,2
197.0,7.0,76.9,3.0,3.28,1,1,1.5,0,0,22.0,0
223.0,9.0,78.7,3.5,3.2,0,1,6.6,1,0,19.0,2
197.0,8.0,89.4,1.5,2.94,1,0,5.8,0,0,24.0,0
218.0,7.0,80.0,5.3,4.57,1,0,1.4,1,0,31.0,2
259.0,7.0,58.6,1.4,3.88,1,0,0.8,1,0,21.0,1
170.0,7.0,65.8,2.5,2.67,0,0,1.6,1,1,23.0,0
245.0,8.0,81.5,3.4,2.94,2,1,5.4,0,1,19.0,1
238.0,7.0,96.2,6.4,2.97,1,1,4.7,1,1,18.0,2
209.0,7.0,100.0,2.5,3.19,0,0,6.0,0,1,21.0,1
179.0,7.0,89.7,2.1,2.68,0,1,3.2,1,0,22.0,1
233.0,6.0,82.3,2.3,3.36,2,0,1.7,1,1,22.0,1
211.0,8.0,89.2,5.9,3.97,1,0,6.3,1,1,23.0,2
238.0,9.0,68.0,0.0,2.31,1,1,2.6,1,0,17.0,0
231.0,5.0,75.7,1.6,2.42,0,0,4.5,1,1,21.0,0
286.0,8.0,65.6,7.6,2.81,1,0,0.1,0,1,26.0,2
222.0,6.0,59.3,4.1,2.84,1,1,2.6,1,1,19.0,1
194.0,8.0,83.0,1.4,4.3,0,1,6.5,1,1,23.0,2
236.0,7.0,80.8,3.1,3.7,2,0,2.2,1,0,25.0,2
238.0,8.0,88.3,3.3,3.67,0,1,6.0,0,1,21.0,2
278.0,9.0,86.2,4.6,2.94,0,0,0.0,0,0,25.0,2
259.0,7.0,81.6,6.1,2.93,1,1,2.6,1,1,18.0,2
242.0,9.0,86.3,3.8,2.23,1,0,3.6,0,0,28.0,1
281.0,4.0,77.4,2.3,3.57,0,1,8.4,1,0,25.0,1
188.0,9.0,84.2,4.5,3.39,1,0,1.1,1,0,24.0,1
208.0,8.0,67.1,2.1,3.87,0,1,5.7,1,0,28.0,1
198.0,9.0,83.5,1.5,2.97,1,1,6.6,1,0,23.0,0
216.0,5.0,88.0,0.4,3.01,1,0,2.2,0,0,22.0,0
182.0,6.0,68.0,0.7,3.2,2,1,3.1,1,1,29.0,0
252.0,7.0,78.8,1.8,3.64,1,0,4.4,1,1,31.0,2
222.0,7.0,68.6,1.3,2.22,1,1,0.3,0,0,21.0,0
179.0,8.0,70.1,3.7,3.54,1,0,2.9,1,1,24.0,0
194.0,9.0,61.1,1.3,3.09,0,0,7.2,1,1,28.0,1
241.0,5.0,97.0,0.0,2.46,0,1,5.3,0,0,24.0,0
259.0,9.0,94.0,1.5,1.85,2,0,3.6,1,1,26.0,1
300.0,7.0,86.1,2.4,3.02,0,0,4.3,0,0,27.0,1
332.0,7.0,100.0,2.2,3.97,1,0,5.5,1,0,22.0,2
245.0,5.0,75.2,5.6,4.1,0,0,5.9,1,0,26.0,2
195.0,8.0,100.0,2.2,3.31,2,0,2.6,1,0,24.0,1
155.0,4.0,74.6,4.6,4.28,0,1,7.8,1,1,19.0,1
239.0,8.0,81.8,3.2,3.07,2,1,7.3,0,1,20.0,1
202.0,5.0,72.0,3.1,3.67,1,0,5.7,1,0,21.0,0
215.0,7.0,83.6,1.9,2.83,0,0,1.9,0,1,28.0,0
209.0,7.0,90.5,3.1,2.79,1,1,1.4,1,0,28.0,1
225.0,9.0,76.3,2.0,2.69,1,1,3.2,0,0,27.0,1
267.0,7.0,100.0,3.5,1.86,0,1,4.2,0,1,26.0,1
235.0,6.0,81.6,2.8,3.87,0,0,0.0,0,1,26.0,2
224.0,6.0,82.1,1.7,2.72,1,0,5.2,0,1,25.0,0
194.0,9.0,64.4,4.8,2.62,1,1,7.2,0,0,26.0,0
171.0,8.0,84.3,3.9,2.39,0,0,5.4,0,0,26.0,1
213.0,7.0,76.0,2.5,2.98,2,0,2.3,1,0,18.0,1
228.0,7.0,68.9,3.4,4.16,0,0,2.0,1,1,21.0,1
292.0,5.0,66.4,3.1,4.36,0,1,4.7,0,0,20.0,2
235.0,8.0,100.0,1.8,2.1,1,0,3.6,1,1,28.0,0
264.0,5.0,74.0,3.3,2.89,0,1,5.1,1,0,31.0,1
213.0,8.0,56.1,2.2,2.48,0,1,5.5,1,0,15.0,0
189.0,7.0,67.5,1.7,3.69,1,0,6.7,1,0,30.0,0
196.0,9.0,77.2,0.6,3.27,0,1,1.2,1,1,24.0,0
205.0,6.0,86.2,2.6,2.72,0,1,4.6,1,1,28.0,0
304.0,7.0,86.3,4.1,3.14,1,0,3.1,0,1,26.0,2
201.0,9.0,88.1,2.1,2.81,1,1,3.8,1,1,30.0,0
259.0,9.0,68.3,7.2,4.07,2,0,6.2,1,1,25.0,2
198.0,6.0,83.1,4.6,3.43,1,0,6.4,1,0,19.0,2
263.0,8.0,64.9,5.3,3.5,1,1,7.5,1,1,24.0,2
243.0,7.0,68.7,4.5,1.5,0,1,5.1,1,1,26.0,0
225.0,8.0,64.2,6.2,3.06,1,0,3.7,1,1,23.0,1
229.0,6.0,60.2,1.9,4.35,0,1,3.4,0,0,27.0,1
207.0,7.0,94.0,0.0,3.9,0,1,0.0,0,0,24.0,1
246.0,5.0,88.3,2.5,1.99,2,1,7.3,1,1,22.0,0
214.0,7.0,92.6,4.1,2.91,1,0,3.2,0,0,20.0,2
187.0,8.0,78.6,3.4,2.38,1,0,5.3,1,0,22.0,0
185.0,7.0,89.7,3.6,4.13,0,0,5.7,0,0,25.0,1
236.0,5.0,51.6,5.3,3.25,0,1,0.9,1,1,16.0,1
285.0,9.0,90.9,3.8,2.64,1,0,1.7,1,0,21.0,2
236.0,8.0,80.7,4.5,3.12,1,1,7.9,1,1,16.0,2
226.0,6.0,87.4,1.7,1.54,1,0,4.7,1,1,22.0,0
240.0,7.0,83.7,1.4,2.45,0,1,2.5,1,1,29.0,1
276.0,5.0,63.2,5.8,3.12,0,1,3.7,1,0,19.0,1
238.0,6.0,55.5,3.4,3.61,1,1,6.7,1,1,27.0,0
216.0,6.0,67.3,2.2,1.94,1,1,6.3,1,0,35.0,0
269.0,9.0,86.5,2.2,2.87,0,1,0.3,0,0,30.0,1
245.0,6.0,88.4,2.2,3.71,0,0,8.1,1,0,25.0,1
284.0,8.0,57.5,2.1,2.23,0,1,6.4,1,0,27.0,0
236.0,6.0,63.3,1.1,3.24,0,1,3.6,1,1,19.0,1
187.0,8.0,67.2,0.8,3.14,1,1,1.0,1,0,18.0,0
182.0,7.0,72.6,2.9,4.13,0,0,6.6,1,1,24.0,1
288.0,8.0,57.6,2.3,2.96,1,1,5.2,1,0,26.0,1
290.0,6.0,56.7,5.0,3.0,1,0,0.4,1,1,28.0,1
224.0,5.0,65.7,3.7,3.61,2,0,3.4,1,1,22.0,2
217.0,5.0,79.3,3.6,2.3,2,0,11.8,1,0,25.0,0
281.0,6.0,60.3,2.0,2.97,0,0,4.0,0,1,25.0,1
191.0,5.0,76.3,3.0,2.83,0,0,2.1,1,0,23.0,0
199.0,8.0,93.9,3.8,3.02,0,0,1.5,0,1,24.0,1
253.0,7.0,58.5,4.3,3.61,1,1,8.4,0,1,21.0,2
216.0,9.0,74.9,3.0,3.43,0,0,6.1,0,1,25.0,1
230.0,5.0,93.4,4.9,2.65,1,0,7.5,1,0,25.0,2
224.0,7.0,71.7,3.2,3.18,0,1,4.6,0,1,22.0,1
242.0,6.0,69.4,4.5,3.99,0,1,7.1,0,1,27.0,2
279.0,7.0,95.5,2.4,2.6,1,0,1.9,0,1,28.0,1
233.0,7.0,73.4,0.3,3.19,1,0,4.4,1,0,27.0,1
253.0,4.0,94.6,3.6,2.98,1,1,4.7,1,0,20.0,1
158.0,8.0,84.4,4.4,3.06,2,1,7.5,1,1,24.0,1
228.0,9.0,72.9,4.1,2.12,0,1,4.8,1,1,20.0,2
200.0,7.0,85.2,3.9,3.95,0,0,2.4,0,1,24.0,0
187.0,8.0,82.8,2.6,2.64,1,1,4.2,1,1,20.0,0
199.0,9.0,93.3,1.9,3.72,1,1,0.0,0,1,29.0,1
218.0,7.0,69.8,4.1,2.73,1,1,0.0,1,0,27.0,0
262.0,6.0,78.6,3.9,2.72,0,1,6.1,1,1,29.0,1
184.0,4.0,77.1,2.3,3.83,2,1,3.1,1,0,28.0,0
231.0,8.0,88.6,5.0,3.7,0,1,3.3,0,1,23.0,2
213.0,7.0,62.6,1.8,3.23,1,1,6.1,0,0,22.0,0
219.0,6.0,93.3,2.3,3.56,1,1,7.5,1,1,31.0,1
265.0,7.0,85.0,5.8,2.93,2,0,5.3,1,1,23.0,2
249.0,6.0,58.2,4.6,3.09,1,0,8.8,1,1,19.0,1
277.0,6.0,96.1,2.6,2.7,2,1,5.3,1,0,28.0,2
225.0,8.0,100.0,3.7,3.64,0,1,4.8,1,1,25.0,2
206.0,5.0,93.0,3.4,2.68,1,0,4.6,0,0,30.0,1
222.0,9.0,99.4,0.0,3.99,2,0,0.8,1,0,25.0,2
238.0,5.0,79.3,1.7,2.91,1,1,6.4,0,1,24.0,1
236.0,6.0,53.1,3.1,3.11,1,1,0.0,1,1,30.0,0
192.0,9.0,50.3,2.6,3.56,2,0,2.5,1,0,18.0,0
233.0,9.0,81.8,3.6,3.11,0,0,4.1,1,1,22.0,2
238.0,7.0,69.1,5.0,2.92,1,0,2.0,1,0,20.0,1
318.0,6.0,64.3,2.7,3.08,2,1,2.9,0,1,15.0,2
296.0,6.0,77.1,1.5,3.64,2,1,8.6,1,1,27.0,1
200.0,7.0,87.2,3.7,2.7,2,1,6.8,1,1,22.0,1
220.0,7.0,56.2,2.7,3.02,2,0,2.3,1,1,28.0,0
179.0,7.0,71.3,3.0,3.11,0,1,2.8,1,1,26.0,0
209.0,7.0,100.0,2.7,3.62,2,0,0.8,1,1,26.0,1
241.0,7.0,61.9,6.8,3.04,1,1,5.8,0,0,22.0,1
272.0,5.0,91.0,0.0,4.18,1,0,3.4,1,0,21.0,2
204.0,6.0,70.7,2.6,3.01,1,0,0.0,1,1,24.0,0
207.0,8.0,86.2,3.2,2.96,2,1,4.3,0,0,28.0,0
155.0,5.0,94.5,2.0,3.0,1,0,5.1,1,1,24.0,0
224.0,7.0,89.1,4.6,2.31,2,1,6.4,1,0,21.0,1
193.0,6.0,91.6,4.5,2.48,0,1,3.8,0,1,19.0,1
211.0,7.0,60.7,3.1,2.78,0,0,3.1,0,0,25.0,0
199.0,7.0,94.7,2.8,3.78,1,0,9.0,1,1,22.0,1
227.0,9.0,65.2,3.0,3.08,0,1,4.0,1,1,24.0,1
168.0,8.0,81.9,3.0,2.81,1,1,5.8,0,0,23.0,1
179.0,5.0,81.9,3.1,3.84,0,0,2.7,0,1,22.0,1
305.0,8.0,85.3,2.9,4.03,1,0,5.7,0,0,25.0,2
185.0,6.0,83.1,3.6,3.85,0,1,0.4,0,1,26.0,1
192.0,6.0,65.3,4.4,2.59,0,0,2.8,1,1,32.0,0
294.0,8.0,57.8,1.2,2.8,1,1,1.0,0,0,27.0,1
332.0,7.0,91.1,1.5,4.19,0,1,2.5,0,0,30.0,2
189.0,8.0,80.8,0.4,3.24,0,0,7.1,0,0,21.0,0
217.0,6.0,95.2,4.6,2.94,0,1,2.5,1,0,18.0,1
242.0,6.0,77.3,3.6,3.53,0,0,5.8,1,1,24.0,2
291.0,6.0,56.9,4.0,3.7,1,0,7.8,1,0,27.0,2
195.0,6.0,92.5,0.9,2.76,0,1,3.9,1,1,27.0,0
221.0,9.0,72.4,6.1,3.23,1,1,6.5,1,1,29.0,2
257.0,8.0,83.1,2.2,3.66,1,1,5.3,1,1,15.0,2
245.0,9.0,68.3,3.5,2.4,1,0,4.3,1,1,29.0,0
217.0,9.0,100.0,4.6,3.11,1,1,5.9,1,0,25.0,2
225.0,6.0,64.9,1.6,2.43,0,0,8.6,0,1,18.0,0
182.0,7.0,72.9,2.3,2.51,2,0,2.4,1,1,27.0,0
222.0,6.0,79.6,3.5,2.76,1,0,1.6,1,1,25.0,1
221.0,6.0,61.6,7.8,3.39,0,0,1.5,1,0,26.0,1
238.0,6.0,83.0,3.7,2.91,2,0,6.5,0,0,28.0,1
211.0,6.0,100.0,5.8,2.71,1,1,6.8,1,1,26.0,2
247.0,6.0,70.6,5.1,3.13,1,0,2.7,1,1,18.0,1
265.0,7.0,83.9,3.8,2.41,2,1,0.0,0,0,23.0,1
235.0,5.0,36.8,1.6,3.36,0,1,2.3,0,1,18.0,0
242.0,8.0,77.4,4.9,3.78,2,0,5.4,0,0,27.0,2
232.0,6.0,73.3,0.8,3.05,1,0,3.8,1,1,30.0,0
230.0,9.0,65.7,5.8,2.98,1,0,4.5,1,0,19.0,1
205.0,7.0,94.2,3.5,3.32,0,0,2.7,1,0,21.0,1
241.0,7.0,73.1,0.0,1.88,0,1,6.5,1,0,20.0,0
227.0,5.0,75.3,2.7,3.42,2,1,4.9,1,0,22.0,1
303.0,9.0,72.3,4.2,4.96,0,1,5.5,1,0,26.0,2
285.0,9.0,49.2,2.8,3.03,0,0,4.4,0,0,22.0,1
244.0,8.0,61.0,4.3,3.03,1,0,5.3,0,0,27.0,1
203.0,5.0,92.4,1.8,3.55,1,0,5.1,1,1,28.0,0
191.0,7.0,46.4,1.1,4.09,0,1,1.7,0,1,28.0,0
272.0,6.0,66.5,3.1,3.68,2,0,4.9,0,1,20.0,1
239.0,9.0,72.0,3.3,1.81,1,0,6.0,1,0,30.0,0
247.0,8.0,100.0,2.6,3.44,2,1,6.9,1,0,30.0,2
169.0,7.0,89.5,5.2,4.64,0,1,5.0,0,1,30.0,2
262.0,4.0,69.6,1.8,3.47,0,0,1.6,1,1,23.0,0
246.0,6.0,97.6,3.7,2.41,1,1,2.0,1,1,21.0,1
191.0,8.0,66.9,3.3,3.27,0,0,2.9,1,1,20.0,0
213.0,9.0,93.1,0.7,2.33,1,0,4.5,1,1,20.0,0
239.0,9.0,57.6,1.1,3.84,0,0,3.7,0,1,24.0,1
232.0,5.0,94.1,3.2,2.53,1,0,1.2,0,0,27.0,1
220.0,8.0,71.9,6.4,3.14,2,1,1.2,0,1,29.0,2
226.0,9.0,62.6,4.1,2.59,2,0,0.0,1,1,22.0,1
221.0,5.0,74.7,0.4,2.77,2,1,0.0,1,1,24.0,0
235.0,7.0,82.2,0.0,3.99,2,0,3.7,1,0,24.0,1
282.0,8.0,70.6,4.4,3.16,1,1,9.8,1,0,21.0,2
140.0,7.0,86.3,3.0,2.76,1,1,8.5,1,0,27.0,0
222.0,5.0,69.3,5.0,2.41,2,0,1.6,0,0,25.0,0
236.0,7.0,87.3,1.8,1.98,2,1,4.4,0,1,25.0,0
240.0,7.0,84.6,3.8,2.35,2,1,0.3,1,1,25.0,1
217.0,7.0,77.1,4.6,3.17,1,1,0.7,1,0,26.0,2
169.0,6.0,71.4,2.5,3.69,0,0,1.0,1,1,26.0,0
241.0,7.0,80.3,2.5,2.76,2,1,3.4,0,0,21.0,1
290.0,7.0,86.3,3.2,4.04,2,0,3.5,1,1,28.0,2
176.0,8.0,100.0,4.1,2.67,1,1,4.6,0,0,25.0,1
260.0,7.0,92.1,3.2,2.96,2,1,5.7,1,1,22.0,1
219.0,7.0,92.6,4.8,2.45,1,0,3.2,0,1,25.0,1
228.0,7.0,100.0,2.5,3.69,2,1,4.1,1,1,25.0,2
193.0,5.0,85.7,1.1,4.36,0,1,1.3,0,1,28.0,1
218.0,8.0,85.3,6.4,2.04,2,1,0.6,0,0,20.0,1
276.0,7.0,88.6,2.2,2.89,0,0,0.3,1,1,29.0,1
250.0,7.0,62.9,2.3,3.86,0,0,5.6,1,0,24.0,2
291.0,9.0,71.3,3.1,2.23,0,0,3.2,1,0,22.0,1
271.0,4.0,70.4,3.3,3.44,1,0,0.0,1,1,22.0,1
245.0,4.0,87.7,2.6,3.83,0,1,3.8,1,1,20.0,1
291.0,8.0,75.4,3.2,3.15,2,0,0.9,0,1,17.0,2
245.0,7.0,80.1,3.1,3.43,1,1,8.2,1,0,27.0,1
259.0,7.0,94.3,3.5,4.16,2,1,2.6,1,1,32.0,2
220.0,7.0,90.9,0.0,4.27,0,1,5.7,1,0,18.0,1
232.0,8.0,75.6,6.2,3.06,0,0,6.7,1,1,20.0,1
206.0,9.0,68.0,3.0,2.78,1,1,1.6,1,1,27.0,0
265.0,8.0,95.0,4.1,2.55,1,1,4.2,0,1,24.0,0
189.0,7.0,89.6,1.0,3.69,1,1,5.4,1,1,27.0,1
257.0,4.0,53.9,2.4,2.28,2,0,4.3,1,1,24.0,0
223.0,8.0,73.3,2.1,2.95,2,1,4.9,1,0,22.0,1
271.0,9.0,80.5,5.6,3.16,1,0,0.7,1,1,23.0,2
256.0,8.0,89.7,2.3,2.8,2,1,5.4,0,1,15.0,2
294.0,6.0,91.7,4.4,3.27,1,0,2.8,0,0,19.0,2
256.0,8.0,82.3,2.2,4.64,1,0,4.9,1,0,28.0,2
175.0,8.0,86.8,2.5,3.03,1,1,6.3,1,0,29.0,1
228.0,9.0,79.0,2.8,2.84,0,0,5.7,1,1,30.0,1
189.0,6.0,67.9,5.3,3.71,0,1,4.9,1,1,26.0,1
212.0,7.0,74.1,0.2,3.24,1,1,5.6,1,1,15.0,1
283.0,8.0,78.3,1.1,3.96,1,0,5.7,1,0,21.0,2
252.0,7.0,77.5,0.1,3.2,0,0,7.7,1,0,29.0,0
206.0,6.0,49.7,1.5,2.95,1,0,3.9,0,1,30.0,0
195.0,8.0,72.0,1.9,2.03,0,1,4.4,1,0,29.0,0
231.0,8.0,78.8,0.6,2.13,0,1,6.3,1,0,23.0,0
187.0,7.0,73.8,2.0,2.0,2,0,2.8,0,0,19.0,0
207.0,8.0,74.3,0.0,3.33,1,0,0.7,0,0,24.0,1
241.0,7.0,85.3,1.6,2.28,0,0,5.2,1,0,24.0,0
270.0,9.0,61.8,5.1,3.85,1,1,3.5,1,1,30.0,2
251.0,6.0,53.6,3.8,3.12,1,0,1.0,1,0,25.0,0
150.0,6.0,72.8,3.5,2.95,1,0,5.3,1,0,24.0,1
241.0,7.0,89.5,1.6,2.59,2,1,7.6,0,1,24.0,0
233.0,8.0,100.0,0.7,3.47,1,0,0.0,1,1,26.0,1
244.0,5.0,89.7,1.4,2.62,1,0,6.6,1,1,27.0,0
287.0,5.0,56.0,3.1,2.51,1,1,0.0,1,1,21.0,1
158.0,4.0,74.5,4.6,3.81,1,1,3.0,1,1,20.0,0
209.0,7.0,81.8,4.6,3.31,0,0,8.6,1,1,29.0,2
251.0,6.0,80.7,4.2,2.96,0,1,3.2,1,1,17.0,1
175.0,7.0,86.1,2.0,3.48,2,0,4.2,1,0,31.0,1
282.0,8.0,64.2,3.2,3.11,1,1,5.9,0,1,16.0,1
243.0,6.0,79.0,2.7,3.33,1,0,0.0,1,0,22.0,1
260.0,8.0,84.3,2.9,2.61,0,1,4.2,1,0,28.0,1
210.0,7.0,90.4,6.5,4.34,2,0,4.2,1,0,24.0,2
258.0,8.0,65.9,0.4,2.75,0,1,8.7,1,0,19.0,1
267.0,8.0,72.8,2.8,4.03,1,1,0.9,0,0,26.0,2
238.0,6.0,37.4,5.1,2.99,2,0,3.0,1,1,24.0,0
238.0,7.0,68.7,0.9,3.58,1,0,1.7,0,0,23.0,1
239.0,9.0,70.1,2.2,3.54,2,1,1.4,0,0,22.0,1
200.0,8.0,62.7,2.4,3.79,0,0,6.8,1,0,24.0,1
225.0,5.0,80.5,2.8,2.6,1,1,4.1,1,0,22.0,1
225.0,8.0,77.2,0.6,3.75,2,1,2.6,1,1,34.0,0
243.0,6.0,44.1,4.2,4.21,1,0,2.7,1,0,23.0,1
265.0,9.0,81.2,4.3,2.94,1,0,2.6,0,0,23.0,2
193.0,9.0,64.1,4.0,3.12,1,1,2.8,1,0,22.0,1
226.0,8.0,85.3,1.8,2.79,1,0,0.8,1,0,31.0,1
282.0,7.0,58.8,3.3,2.89,2,1,3.4,1,0,17.0,1
204.0,7.0,78.5,1.8,4.13,1,0,3.1,1,0,25.0,1
201.0,8.0,73.8,2.7,2.5,2,0,2.1,1,1,23.0,0
237.0,7.0,82.5,6.6,2.53,1,0,4.4,1,1,18.0,1
260.0,8.0,79.9,3.4,4.07,1,0,4.6,1,1,21.0,2
230.0,8.0,74.2,1.3,3.47,0,1,2.6,1,0,25.0,2
277.0,6.0,55.0,3.5,4.37,1,0,3.6,1,0,21.0,2
260.0,6.0,55.8,1.0,2.83,2,1,9.4,1,1,25.0,0
259.0,6.0,69.2,1.3,3.18,1,1,9.3,1,0,31.0,1
249.0,6.0,77.9,1.5,2.7,0,0,1.4,1,1,25.0,1
311.0,5.0,68.9,2.5,3.19,1,0,1.7,1,1,18.0,2
223.0,8.0,87.4,4.7,2.04,1,1,1.4,1,0,21.0,0
160.0,9.0,73.8,4.1,3.51,2,1,6.6,1,0,23.0,0
286.0,9.0,63.5,4.0,3.29,0,1,3.0,1,1,23.0,2
214.0,5.0,73.8,1.4,3.07,0,0,4.6,0,1,25.0,0
234.0,8.0,81.4,2.3,2.87,1,1,9.0,0,1,25.0,1
276.0,9.0,82.9,3.6,2.56,0,0,4.0,1,0,31.0,2
174.0,7.0,100.0,2.2,3.54,2,1,5.8,1,1,24.0,1
186.0,7.0,68.0,2.8,2.4,1,0,5.3,1,0,19.0,1
174.0,4.0,76.9,3.9,3.41,1,1,2.5,1,0,29.0,1
202.0,8.0,84.4,2.6,4.34,0,0,6.6,1,1,29.0,2
245.0,6.0,77.6,3.6,3.99,1,1,1.9,1,1,25.0,2
248.0,7.0,70.5,5.7,2.2,2,0,7.3,0,0,23.0,1
240.0,5.0,54.8,2.9,2.78,1,1,2.5,0,0,26.0,0
181.0,8.0,70.3,5.1,3.35,0,0,2.8,1,0,23.0,0
149.0,9.0,61.9,4.1,3.06,0,1,1.3,0,0,16.0,1
232.0,6.0,52.1,0.9,2.26,2,0,1.7,1,0,26.0,0
213.0,6.0,66.1,1.4,3.33,2,0,2.9,1,1,28.0,1
246.0,4.0,62.3,1.9,3.09,0,1,0.0,1,0,30.0,0
255.0,7.0,86.8,1.8,4.25,1,0,3.4,0,1,21.0,2
235.0,6.0,87.0,3.1,2.95,0,0,2.7,1,0,25.0,0
257.0,5.0,64.4,4.2,3.8,1,1,6.0,1,0,25.0,1
238.0,8.0,74.1,5.2,2.34,0,1,5.1,1,0,24.0,1
249.0,7.0,50.1,3.7,2.48,2,1,2.2,1,0,24.0,1
205.0,6.0,70.6,2.5,3.53,2,0,2.9,1,1,24.0,1
224.0,6.0,84.0,0.0,3.75,0,0,3.4,1,1,25.0,0
237.0,9.0,90.4,3.3,2.53,1,1,7.7,1,1,27.0,1
259.0,8.0,67.3,3.2,3.11,0,0,1.9,1,0,29.0,2
216.0,7.0,93.8,3.5,2.27,0,1,2.2,0,1,21.0,2
248.0,8.0,55.3,6.6,2.99,0,0,1.2,0,1,23.0,2
221.0,6.0,59.3,5.2,3.6,0,1,0.3,1,0,22.0,1
226.0,7.0,88.6,4.5,2.84,2,1,4.8,1,1,22.0,1
259.0,7.0,100.0,1.7,2.95,0,0,4.5,1,1,18.0,2
160.0,7.0,85.4,2.4,2.42,2,0,7.2,1,1,24.0,0
185.0,8.0,77.4,3.0,2.71,0,0,6.6,1,1,26.0,0
178.0,6.0,45.1,2.0,4.15,1,0,10.0,0,1,23.0,0
148.0,8.0,47.7,4.0,3.14,1,1,3.8,1,0,24.0,0
206.0,8.0,79.9,3.8,2.5,2,0,3.3,0,1,26.0,1
256.0,3.0,72.6,1.5,2.91,0,0,0.7,1,1,30.0,0
220.0,9.0,61.4,5.1,2.14,0,0,5.7,1,0,22.0,0
237.0,3.0,79.0,3.4,2.49,1,1,4.3,1,1,19.0,1
268.0,6.0,79.7,0.4,3.92,1,0,5.6,1,1,24.0,1
276.0,9.0,92.2,3.1,3.01,1,0,1.2,1,0,32.0,2
228.0,7.0,80.0,3.6,4.23,0,1,4.9,1,1,19.0,2
277.0,5.0,96.4,4.8,3.04,0,0,4.5,0,1,27.0,1
233.0,6.0,78.1,2.7,3.08,2,0,4.3,1,1,29.0,1
201.0,9.0,76.3,4.5,3.48,1,1,2.3,1,1,15.0,2
209.0,5.0,94.0,3.5,1.5,1,0,7.0,0,0,26.0,0
178.0,9.0,63.3,1.1,3.22,0,1,9.1,1,1,26.0,0
199.0,7.0,100.0,0.9,3.07,0,1,1.2,0,1,23.0,1
217.0,6.0,83.6,5.0,3.99,2,1,5.8,1,1,21.0,2
258.0,6.0,83.7,5.1,3.68,1,0,0.0,0,0,22.0,2
290.0,6.0,85.9,3.7,2.42,0,0,5.7,1,0,23.0,2
182.0,8.0,100.0,5.6,3.85,2,0,0.0,0,1,23.0,2
244.0,8.0,89.9,4.9,2.94,1,0,2.7,1,0,22.0,2
194.0,5.0,53.9,4.3,2.56,0,0,0.7,0,0,23.0,0
247.0,7.0,99.1,1.7,3.22,1,1,3.5,1,1,29.0,1
225.0,6.0,72.9,6.0,2.98,1,1,6.1,0,1,19.0,1
166.0,9.0,79.6,4.1,4.02,1,0,0.0,1,1,17.0,2
262.0,5.0,58.8,2.6,3.3,1,1,3.1,1,1,29.0,1
209.0,9.0,85.9,2.1,3.22,1,1,2.7,0,1,23.0,0
211.0,7.0,68.2,3.6,3.64,0,1,8.0,1,0,22.0,1
193.0,6.0,79.5,0.5,3.76,2,1,5.1,1,1,24.0,1
207.0,6.0,73.7,4.3,3.57,1,1,1.1,1,1,25.0,1
245.0,6.0,100.0,1.7,3.95,1,0,2.8,1,1,22.0,1
223.0,5.0,100.0,3.8,3.47,1,0,7.9,0,0,26.0,1
242.0,7.0,78.7,2.4,3.2,1,1,5.8,1,0,20.0,1
243.0,5.0,79.0,2.8,3.84,1,1,1.7,0,1,23.0,1
276.0,4.0,72.4,2.0,3.05,1,1,3.3,1,1,15.0,1
218.0,7.0,94.6,2.9,3.12,2,1,3.4,1,1,29.0,1
178.0,5.0,73.1,6.2,4.13,2,0,2.7,1,1,23.0,2
267.0,6.0,71.7,5.4,4.07,2,0,0.0,0,1,27.0,2
218.0,6.0,92.7,3.8,3.1,0,1,2.3,1,0,26.0,1
269.0,6.0,69.9,3.2,2.83,1,0,7.5,0,1,26.0,1
243.0,9.0,77.4,4.6,3.98,1,1,3.0,1,1,24.0,2
225.0,7.0,54.3,5.0,3.58,0,1,3.7,1,0,26.0,1
242.0,8.0,88.6,1.9,3.29,1,1,4.4,0,0,20.0,2
298.0,5.0,100.0,3.1,2.91,0,0,9.5,0,1,19.0,2
303.0,6.0,88.8,0.3,3.3,0,1,4.0,1,1,24.0,1
232.0,8.0,99.9,5.0,3.09,0,0,6.7,0,0,21.0,2
236.0,6.0,65.3,6.5,2.7,0,1,2.5,1,0,30.0,1
268.0,8.0,81.5,3.3,3.18,0,0,3.4,1,0,26.0,1
200.0,6.0,63.9,0.0,3.26,1,1,4.0,1,1,21.0,0
242.0,7.0,74.6,4.2,2.87,1,0,2.1,0,1,23.0,1
229.0,6.0,89.6,1.8,3.64,0,0,3.5,0,0,25.0,1
241.0,7.0,79.5,2.1,3.87,0,0,6.2,0,1,24.0,1
201.0,6.0,56.8,4.2,3.68,2,0,2.0,1,0,25.0,1
174.0,7.0,58.3,3.6,2.93,0,0,4.0,1,0,24.0,0
157.0,7.0,57.3,2.4,3.55,1,1,5.8,0,0,18.0,0
191.0,6.0,85.4,2.2,3.15,1,1,1.9,0,1,15.0,0
214.0,8.0,100.0,3.4,2.36,1,0,6.7,1,1,23.0,1
220.0,8.0,98.4,2.5,3.5,2,1,4.2,1,0,26.0,2
298.0,7.0,49.6,1.4,3.19,1,1,3.6,1,1,23.0,1
269.0,7.0,99.3,2.7,4.66,2,1,0.0,1,1,29.0,2
196.0,8.0,92.0,3.7,3.97,2,0,3.1,0,1,24.0,2
242.0,7.0,54.8,2.9,3.53,0,0,4.9,1,1,29.0,1
216.0,7.0,73.5,0.9,3.25,0,1,8.4,1,1,29.0,0
220.0,7.0,94.4,4.8,3.2,0,0,5.4,1,0,28.0,1
236.0,9.0,86.3,0.0,2.5,1,0,6.8,1,0,19.0,0
252.0,5.0,58.4,2.5,2.06,1,1,1.0,1,1,24.0,0
218.0,8.0,87.2,2.2,2.58,0,0,3.7,1,1,29.0,1
267.0,5.0,45.9,3.4,3.07,0,1,7.1,1,1,25.0,1
190.0,8.0,74.7,4.1,1.84,1,0,1.8,1,1,26.0,0
230.0,9.0,95.1,5.0,2.77,1,1,6.4,1,1,18.0,2
321.0,8.0,78.3,2.1,2.95,1,1,5.8,1,1,32.0,2
238.0,7.0,70.5,4.1,2.97,2,1,4.7,1,1,21.0,1
280.0,6.0,91.3,3.5,2.7,0,1,3.2,1,0,16.0,2
233.0,7.0,92.6,0.5,2.9,1,1,1.5,0,1,23.0,1
250.0,7.0,97.7,6.2,4.13,2,0,8.4,0,1,15.0,2
228.0,6.0,91.1,0.9,3.5,1,1,5.6,1,0,20.0,0
224.0,7.0,94.2,3.9,2.76,1,1,4.9,0,0,34.0,0
203.0,7.0,89.0,3.8,3.06,1,0,3.0,1,1,22.0,1
245.0,6.0,82.0,3.6,3.08,0,0,4.1,0,1,18.0,1
200.0,6.0,79.3,2.4,2.64,2,0,4.4,1,0,24.0,1
253.0,5.0,74.4,4.5,2.64,1,1,5.0,1,0,20.0,1
268.0,8.0,59.8,0.7,3.71,1,1,5.8,0,0,27.0,2
243.0,8.0,63.7,3.1,2.85,1,0,2.0,0,0,20.0,1
220.0,8.0,73.8,2.3,2.44,1,0,0.3,1,1,25.0,0
246.0,9.0,81.6,2.1,3.07,0,1,4.2,1,1,19.0,1
219.0,7.0,99.6,3.9,3.17,1,0,0.0,1,1,34.0,2
263.0,8.0,77.4,4.9,1.92,1,1,3.2,0,0,26.0,0
166.0,8.0,93.1,2.7,3.08,0,0,2.7,0,0,23.0,1
218.0,7.0,94.2,4.4,3.62,1,0,5.2,0,0,23.0,2
160.0,6.0,74.5,3.3,3.37,2,0,9.0,0,1,22.0,0
178.0,9.0,86.9,1.8,4.44,1,1,0.0,1,1,21.0,2
278.0,7.0,74.3,2.8,3.85,1,1,9.7,0,0,21.0,2
261.0,6.0,97.8,2.7,3.97,1,0,3.4,0,1,31.0,2
205.0,8.0,87.5,2.1,4.78,2,0,4.9,1,0,22.0,2
177.0,8.0,60.1,3.9,3.55,1,0,0.5,1,0,15.0,1
126.0,5.0,80.4,3.6,3.2,2,0,6.5,1,1,19.0,0
211.0,9.0,100.0,0.7,3.68,0,1,4.1,1,0,28.0,1
315.0,7.0,75.3,0.6,2.76,2,0,3.8,1,1,23.0,2
245.0,6.0,84.7,3.9,3.16,2,0,0.0,0,0,23.0,1
210.0,9.0,86.2,1.9,2.71,1,0,4.2,0,1,29.0,1
246.0,8.0,62.5,3.7,3.34,1,0,6.1,1,0,21.0,2
175.0,5.0,85.7,4.4,2.71,0,0,3.4,1,0,27.0,0
220.0,9.0,57.1,1.2,2.69,1,0,6.9,1,0,21.0,1
233.0,8.0,68.6,0.9,3.35,0,0,6.8,1,1,26.0,1
227.0,7.0,94.1,5.9,3.02,0,0,2.4,1,1,22.0,1
258.0,9.0,83.4,3.8,1.94,2,0,8.0,1,1,23.0,1
242.0,7.0,73.4,2.5,2.23,0,1,4.1,1,0,27.0,0
253.0,7.0,84.7,1.7,2.41,1,0,4.1,1,0,27.0,1
206.0,6.0,77.1,2.4,2.57,0,0,4.2,0,0,23.0,0
261.0,8.0,78.2,1.3,3.35,1,0,4.2,0,1,22.0,1
287.0,8.0,87.9,4.6,3.23,1,1,0.0,1,0,30.0,2
196.0,7.0,67.1,2.0,3.74,0,1,3.5,1,0,26.0,0
199.0,6.0,78.6,4.9,3.55,1,1,0.6,0,1,22.0,1
277.0,7.0,73.3,2.6,3.74,2,1,8.1,1,1,21.0,2
223.0,7.0,54.2,1.5,3.47,1,1,8.0,1,0,28.0,1
279.0,5.0,64.2,2.5,3.23,2,0,6.1,1,0,24.0,1
215.0,5.0,100.0,0.0,3.76,1,1,3.4,1,0,23.0,1
281.0,8.0,83.8,3.0,3.65,1,1,1.5,1,1,24.0,2
235.0,4.0,58.1,2.9,3.33,0,0,2.4,0,0,25.0,0
239.0,7.0,54.9,4.5,3.86,0,0,8.9,1,1,24.0,1
285.0,7.0,76.3,0.2,1.69,2,0,2.3,0,0,29.0,0
217.0,9.0,100.0,5.1,2.93,1,0,0.0,1,1,29.0,2
197.0,7.0,75.2,4.5,2.92,1,1,6.6,1,1,26.0,1
214.0,8.0,97.6,5.2,3.79,2,0,7.8,0,0,29.0,2
246.0,7.0,83.3,3.1,4.04,0,1,8.1,0,0,24.0,2
175.0,7.0,85.1,4.8,2.23,1,1,6.6,1,0,27.0,0
252.0,8.0,58.0,0.8,3.95,0,0,7.0,1,1,28.0,1
211.0,7.0,92.1,4.3,2.4,2,0,4.1,1,1,28.0,1
270.0,9.0,73.0,2.0,2.42,0,1,0.0,1,1,28.0,0
146.0,6.0,90.9,0.6,2.96,0,1,4.1,1,0,27.0,0
202.0,8.0,65.8,1.4,2.91,1,0,5.6,1,0,32.0,0
171.0,8.0,80.7,3.2,2.16,0,0,3.7,1,1,22.0,0
201.0,8.0,83.3,1.9,3.49,2,1,3.5,0,1,23.0,1
239.0,9.0,75.7,3.8,3.51,1,1,1.6,0,1,23.0,2
224.0,6.0,84.1,0.3,3.73,0,0,1.5,1,1,23.0,1
221.0,5.0,74.0,0.0,2.84,0,0,8.6,1,1,16.0,0
224.0,6.0,68.3,5.4,3.08,2,1,8.7,0,1,29.0,1
237.0,8.0,100.0,4.6,3.08,1,0,4.0,1,1,20.0,2
195.0,8.0,93.7,1.5,4.11,2,0,4.7,0,1,25.0,2
255.0,7.0,66.6,3.2,1.4,0,1,1.5,1,1,18.0,0
253.0,6.0,86.5,4.8,2.53,2,0,5.6,0,1,26.0,1
243.0,8.0,66.9,3.9,3.1,1,0,8.4,1,0,21.0,0
249.0,5.0,60.2,3.4,2.45,1,1,0.2,0,1,19.0,0
240.0,9.0,93.5,5.0,2.95,1,1,5.2,1,1,25.0,2
301.0,9.0,52.4,2.0,3.02,0,0,5.3,0,0,21.0,1
227.0,8.0,91.9,3.2,2.71,2,0,5.3,1,1,22.0,1
219.0,8.0,74.2,3.2,3.14,2,1,8.1,1,0,25.0,1
204.0,7.0,74.8,2.8,3.48,1,1,9.1,0,0,27.0,1
194.0,5.0,84.1,2.6,2.96,2,1,3.4,1,0,21.0,0
186.0,6.0,86.7,3.3,2.83,0,1,5.7,1,1,20.0,0
199.0,6.0,65.6,3.3,3.0,0,1,4.2,1,1,24.0,0
228.0,5.0,88.8,1.5,3.1,0,1,2.4,1,1,26.0,1
242.0,9.0,79.7,4.5,2.06,1,1,4.7,1,0,30.0,0
232.0,8.0,59.2,1.6,3.38,0,0,5.7,1,1,20.0,1
203.0,8.0,75.5,2.9,2.83,1,1,4.5,1,0,23.0,0
262.0,7.0,98.7,2.7,3.86,0,1,1.8,1,0,29.0,2
256.0,7.0,100.0,3.8,3.45,1,0,2.8,0,0,32.0,2
224.0,9.0,88.8,0.0,3.8,2,0,2.9,1,1,20.0,1
207.0,7.0,60.1,4.6,2.49,1,1,1.9,0,0,21.0,0
249.0,8.0,85.4,2.1,2.88,0,0,4.8,1,1,26.0,2
237.0,7.0,90.8,5.2,2.35,1,1,5.0,0,1,22.0,1
179.0,7.0,88.9,2.4,2.68,0,0,6.4,0,0,21.0,1
228.0,5.0,89.8,3.1,3.85,1,0,1.9,1,1,25.0,2
239.0,4.0,83.4,6.3,3.99,1,0,2.6,1,0,30.0,2
199.0,7.0,76.9,2.8,2.41,1,1,7.9,0,0,19.0,0
237.0,7.0,68.9,5.2,2.83,0,0,3.6,1,0,30.0,1
179.0,5.0,49.5,3.3,3.05,2,1,4.1,1,1,22.0,0
277.0,7.0,83.1,3.9,3.45,2,0,3.6,1,1,25.0,2
274.0,7.0,80.8,3.3,2.04,1,0,6.8,1,1,30.0,1
221.0,4.0,86.4,4.6,2.14,2,0,6.9,0,1,25.0,0
243.0,6.0,57.9,2.1,3.39,2,0,6.8,0,0,23.0,1
146.0,8.0,87.7,1.6,1.93,0,1,4.1,1,1,27.0,0
190.0,8.0,100.0,2.2,2.83,1,1,1.8,0,0,23.0,1
220.0,6.0,79.2,3.4,3.2,0,0,8.8,1,0,26.0,1
192.0,7.0,77.1,2.8,3.35,1,0,6.1,1,1,23.0,1
255.0,9.0,82.6,4.3,3.01,0,1,2.9,1,0,27.0,2
300.0,8.0,100.0,5.3,2.88,2,1,7.6,0,0,18.0,2
189.0,7.0,62.6,1.6,3.61,1,0,2.7,1,0,20.0,1
201.0,7.0,81.0,2.0,3.27,0,1,7.5,1,0,18.0,0
238.0,6.0,66.0,0.9,2.71,1,0,7.7,0,1,24.0,1
286.0,8.0,69.8,6.4,3.12,1,0,1.7,0,0,18.0,2
187.0,7.0,77.3,3.7,3.33,1,1,5.5,0,1,21.0,1
239.0,8.0,98.2,4.0,4.13,2,1,6.0,1,0,20.0,2
294.0,7.0,100.0,1.1,3.57,0,1,10.5,1,1,30.0,2
172.0,8.0,84.7,3.2,3.83,1,0,2.1,1,1,20.0,1
185.0,7.0,72.4,4.0,2.73,1,0,7.6,0,1,19.0,0
215.0,8.0,100.0,2.8,2.79,1,1,4.0,1,1,25.0,1
212.0,8.0,71.6,4.9,2.96,1,0,0.9,0,1,31.0,1
258.0,6.0,69.4,6.9,3.01,0,0,3.7,0,1,24.0,2
238.0,5.0,51.4,1.7,2.5,0,1,4.0,0,1,24.0,0
168.0,9.0,98.9,1.6,3.86,1,0,1.4,1,0,29.0,2
248.0,8.0,92.5,1.8,3.63,2,0,4.8,1,0,28.0,1
210.0,5.0,100.0,5.8,2.92,0,0,6.4,1,1,26.0,1
275.0,6.0,57.2,4.9,3.49,0,1,4.6,1,0,22.0,2
208.0,8.0,99.9,3.0,3.23,1,0,2.6,0,0,26.0,2
208.0,7.0,79.1,3.3,3.53,2,0,3.6,1,1,19.0,2
249.0,6.0,90.1,1.9,2.29,1,0,4.0,0,0,22.0,0
257.0,9.0,53.3,4.6,3.01,0,0,4.5,1,0,30.0,1
246.0,6.0,100.0,2.6,3.07,1,0,6.8,1,1,29.0,2
171.0,6.0,89.8,2.8,3.47,1,1,4.7,0,0,26.0,0
249.0,7.0,77.4,4.2,2.72,1,0,0.5,0,0,16.0,1
194.0,8.0,87.7,2.9,1.6,0,0,2.6,0,0,19.0,0
238.0,8.0,66.5,2.8,2.45,0,0,4.4,0,0,21.0,1
180.0,8.0,69.3,3.2,3.06,0,0,6.8,1,0,23.0,0
246.0,7.0,71.0,4.5,3.14,1,0,7.2,0,1,19.0,2
202.0,8.0,50.2,5.8,4.11,1,1,8.4,1,0,23.0,1
185.0,7.0,90.9,4.1,3.45,0,1,4.3,1,0,31.0,1
255.0,7.0,95.9,4.5,3.15,1,1,5.9,1,1,26.0,2
238.0,7.0,67.5,2.9,3.08,1,0,0.4,1,0,25.0,2
209.0,8.0,83.2,2.1,3.76,0,1,5.1,1,0,20.0,2
281.0,8.0,74.0,4.2,2.75,1,1,1.3,0,0,17.0,1
215.0,8.0,82.9,3.5,3.02,1,0,3.8,0,0,19.0,1
231.0,7.0,68.6,0.9,2.45,1,0,11.6,1,0,17.0,0
239.0,6.0,64.7,2.7,3.95,2,1,4.8,1,0,24.0,1
208.0,7.0,93.8,3.1,3.34,2,0,1.8,1,1,26.0,2
246.0,7.0,77.0,2.4,2.68,0,0,5.0,0,1,20.0,0
211.0,7.0,100.0,5.6,3.03,0,1,2.7,1,1,25.0,2
216.0,9.0,78.7,4.0,3.41,0,0,1.6,1,0,30.0,2
278.0,6.0,64.1,5.4,2.95,0,1,9.3,1,1,32.0,1
194.0,8.0,96.4,3.6,2.78,1,0,6.7,0,1,27.0,2
146.0,9.0,87.5,3.3,2.71,2,0,4.9,0,0,23.0,0
286.0,7.0,88.9,1.7,3.3,2,0,3.0,1,1,27.0,2
319.0,9.0,95.9,3.2,2.89,0,0,3.2,1,1,29.0,2
216.0,7.0,68.2,3.2,2.83,1,1,7.9,0,0,16.0,1
162.0,8.0,76.1,1.0,2.3,0,1,4.8,0,1,30.0,0
219.0,6.0,75.4,2.3,3.15,1,1,0.0,1,0,22.0,0
220.0,7.0,58.6,2.7,2.99,0,0,10.1,1,0,22.0,0
223.0,8.0,74.0,3.9,2.91,2,0,4.5,1,0,23.0,2
191.0,8.0,98.0,3.9,3.22,2,0,4.9,1,0,25.0,2
250.0,8.0,81.6,2.3,3.55,0,0,6.7,0,1,20.0,2
248.0,9.0,57.8,4.0,3.52,1,1,5.2,0,1,23.0,2
178.0,7.0,54.7,2.9,3.43,1,0,5.9,1,0,26.0,0
254.0,7.0,100.0,0.0,2.96,2,0,2.9,1,1,25.0,1
302.0,9.0,76.6,2.4,2.76,1,0,0.9,0,1,26.0,2
236.0,8.0,68.3,4.9,2.47,0,1,4.7,1,1,23.0,1
218.0,6.0,73.9,0.5,2.74,1,0,7.6,0,1,27.0,0
225.0,6.0,55.8,3.4,3.11,0,1,2.4,0,1,28.0,0
252.0,6.0,99.3,5.7,2.63,1,1,2.2,1,1,28.0,2
169.0,9.0,72.1,2.0,3.16,0,1,7.1,0,0,26.0,0
236.0,7.0,98.5,3.2,2.52,1,0,2.9,0,1,28.0,1
216.0,7.0,78.8,1.1,2.1,2,0,3.0,1,0,27.0,0
295.0,7.0,99.4,5.8,3.59,0,0,3.1,1,0,35.0,2
224.0,8.0,81.9,3.1,2.82,1,1,3.8,1,0,29.0,1
288.0,6.0,90.8,3.3,2.6,1,1,0.1,1,0,24.0,2
191.0,6.0,88.8,5.4,2.44,0,1,2.7,0,1,20.0,1
251.0,8.0,87.3,4.3,3.35,1,0,4.6,1,1,23.0,2
241.0,8.0,83.2,1.8,3.92,1,0,4.6,1,0,23.0,2
200.0,8.0,74.5,2.2,2.86,1,1,6.9,0,1,26.0,1
236.0,6.0,100.0,4.0,2.97,2,0,8.6,1,0,21.0,2
272.0,8.0,64.4,2.2,3.74,1,1,7.8,1,1,29.0,2
219.0,6.0,78.1,0.0,2.01,1,1,6.3,1,0,18.0,0
171.0,6.0,78.2,3.1,4.28,0,0,3.6,1,0,17.0,0
229.0,6.0,84.0,0.8,4.57,0,0,2.4,1,1,23.0,0
198.0,9.0,71.6,5.8,1.48,0,0,4.0,1,1,21.0,1
218.0,8.0,82.7,3.5,3.04,2,0,5.5,0,0,19.0,1
227.0,8.0,75.5,1.8,2.67,2,1,6.1,1,0,21.0,1
170.0,9.0,54.3,2.1,2.94,2,0,5.6,1,0,21.0,0
173.0,9.0,78.1,0.2,2.85,0,0,3.7,1,1,24.0,1
247.0,5.0,61.5,1.4,3.59,1,0,6.0,1,0,22.0,1
212.0,6.0,52.0,4.8,3.03,1,0,7.2,0,0,22.0,1
140.0,6.0,80.1,6.8,2.55,1,1,6.2,0,1,24.0,0
257.0,6.0,85.3,4.4,3.0,0,1,3.9,1,1,28.0,1
240.0,6.0,85.9,3.1,3.41,2,0,1.9,1,0,30.0,0
205.0,7.0,86.5,2.5,2.39,0,0,1.9,0,1,25.0,0
184.0,5.0,49.0,1.7,2.11,0,0,2.3,1,0,25.0,0
259.0,8.0,57.6,6.5,4.3,2,0,4.6,1,0,23.0,2
242.0,7.0,100.0,2.9,2.71,1,0,5.3,1,1,26.0,2
313.0,8.0,62.3,6.6,3.02,1,1,0.5,0,0,26.0,2
245.0,8.0,87.2,5.4,2.86,1,0,2.7,1,0,29.0,1
244.0,8.0,67.7,0.4,3.43,2,0,4.6,1,1,16.0,1
224.0,7.0,79.2,2.1,4.16,0,0,1.8,1,1,23.0,1
259.0,9.0,68.5,2.1,3.45,1,1,5.1,0,1,25.0,1
252.0,8.0,86.4,3.1,2.19,0,0,3.2,1,1,24.0,2
274.0,5.0,80.1,3.1,2.27,0,1,2.2,1,0,20.0,0
212.0,6.0,71.3,8.0,2.86,1,0,4.1,1,1,19.0,1
215.0,5.0,62.2,1.5,2.94,1,1,5.0,1,0,27.0,0
213.0,7.0,82.0,3.6,2.07,0,1,1.9,0,1,21.0,0
258.0,7.0,59.8,4.2,3.59,1,0,3.4,1,0,17.0,2
282.0,7.0,84.4,3.2,2.45,1,0,5.2,0,0,27.0,1
214.0,9.0,100.0,3.4,4.0,1,0,2.1,0,0,26.0,2
215.0,8.0,98.3,1.5,4.19,1,1,0.0,1,1,24.0,2
241.0,8.0,88.8,3.4,2.95,2,1,0.2,0,0,20.0,1
221.0,6.0,76.7,4.0,3.36,1,0,3.0,1,1,24.0,1
263.0,6.0,48.9,3.7,2.36,1,0,0.7,1,1,29.0,1
151.0,7.0,58.2,4.1,3.47,1,0,3.1,1,1,18.0,0
201.0,7.0,97.2,5.5,2.8,1,0,8.2,0,0,18.0,1
203.0,5.0,66.2,4.7,2.45,0,1,0.6,1,0,21.0,0
149.0,7.0,67.5,3.3,2.93,0,0,3.3,1,1,24.0,0
196.0,7.0,75.5,1.3,2.82,0,0,9.3,1,1,22.0,0
198.0,7.0,62.1,2.2,2.9,1,1,5.0,0,0,27.0,1
223.0,6.0,59.6,2.8,3.67,2,1,3.1,0,1,28.0,1
269.0,6.0,77.2,3.6,2.63,1,1,3.6,1,0,25.0,1
221.0,7.0,64.6,2.4,4.14,1,0,5.1,0,0,26.0,1
194.0,7.0,66.9,1.7,2.3,1,1,8.2,1,0,25.0,0
228.0,8.0,66.3,1.3,4.07,1,1,2.7,0,0,24.0,1
267.0,9.0,85.8,0.6,2.49,1,0,2.1,0,0,19.0,2
196.0,7.0,74.5,2.8,3.1,1,0,0.6,1,1,20.0,1
198.0,7.0,75.3,0.8,2.81,1,1,4.3,1,0,19.0,1
250.0,8.0,87.0,1.6,2.89,0,0,0.5,1,1,23.0,1
222.0,8.0,75.9,2.6,3.58,1,1,2.8,1,1,25.0,0
253.0,7.0,73.8,1.1,4.0,1,1,1.7,1,1,18.0,1
230.0,8.0,85.1,3.8,3.81,1,1,6.7,1,0,24.0,2
255.0,9.0,88.0,4.4,2.86,2,1,2.7,0,1,20.0,2
194.0,9.0,75.8,2.3,3.21,1,1,5.0,1,0,20.0,1
230.0,9.0,79.2,2.5,2.63,1,0,0.0,1,1,21.0,1
223.0,6.0,66.3,4.1,2.51,0,0,4.3,1,0,20.0,1
187.0,7.0,65.1,2.1,2.41,1,1,1.0,1,1,26.0,0
175.0,7.0,89.5,1.9,2.84,2,0,2.9,1,0,23.0,0
254.0,7.0,84.7,5.1,3.25,2,1,9.5,1,1,27.0,2
218.0,6.0,84.8,4.6,1.95,2,1,6.3,1,0,22.0,0
194.0,5.0,82.2,4.2,3.07,0,0,3.7,1,0,22.0,0
227.0,7.0,78.7,4.7,4.01,1,1,12.0,1,1,31.0,2
269.0,6.0,88.4,0.0,3.77,2,0,1.7,1,0,18.0,2
150.0,7.0,92.0,5.4,2.75,1,1,6.9,0,1,29.0,1
178.0,6.0,91.7,3.8,2.26,1,0,0.2,1,1,31.0,0
198.0,6.0,76.5,4.8,3.38,1,1,3.4,0,1,27.0,1
281.0,8.0,98.8,3.8,1.71,1,1,0.6,1,1,23.0,1
240.0,7.0,81.4,3.3,3.77,0,0,4.6,1,1,30.0,2
257.0,8.0,87.5,2.8,2.97,0,0,4.1,0,1,23.0,2
190.0,9.0,82.2,3.8,4.2,2,0,3.2,0,0,21.0,2
191.0,8.0,81.7,2.7,2.06,2,1,6.7,1,1,22.0,0
246.0,8.0,67.0,4.6,3.65,2,0,2.6,1,1,22.0,1
232.0,6.0,88.5,0.7,3.04,0,0,4.8,1,0,20.0,1
249.0,5.0,100.0,2.3,2.9,0,1,6.1,0,0,28.0,1
223.0,9.0,72.4,6.5,2.28,0,0,0.3,1,0,21.0,1
240.0,6.0,79.1,2.2,3.46,2,0,2.1,1,1,24.0,1
236.0,6.0,71.3,2.8,3.51,1,1,4.1,1,0,18.0,2
257.0,7.0,70.7,1.8,4.17,2,0,5.6,0,1,24.0,1
258.0,7.0,100.0,3.7,3.7,0,0,7.6,1,1,19.0,2
173.0,6.0,67.9,2.0,2.74,1,1,3.5,1,1,19.0,0
151.0,7.0,70.9,2.9,2.5,1,1,3.2,1,0,24.0,0
265.0,9.0,54.2,4.6,2.28,0,0,1.8,1,1,28.0,1
272.0,6.0,66.6,2.1,3.98,2,1,4.8,1,1,26.0,1
194.0,5.0,52.4,4.5,2.63,1,0,3.3,1,0,26.0,0
165.0,9.0,87.5,4.5,3.99,0,0,3.3,0,0,23.0,2
233.0,8.0,100.0,4.9,3.42,0,1,3.8,0,0,23.0,2
263.0,6.0,72.5,3.4,3.3,2,0,5.4,1,1,27.0,1
293.0,5.0,53.0,8.4,2.92,1,0,2.6,0,0,22.0,1
248.0,6.0,91.5,4.9,3.5,1,1,2.1,1,0,27.0,2
217.0,7.0,67.1,3.7,3.09,1,0,5.1,1,0,29.0,0
199.0,9.0,97.5,1.8,2.88,1,0,0.0,1,0,21.0,2
230.0,6.0,73.8,3.0,3.52,1,0,2.5,0,0,21.0,1
220.0,7.0,68.5,5.5,3.01,2,1,1.1,0,1,22.0,1
194.0,8.0,75.3,5.9,2.62,0,1,7.0,1,0,18.0,0
302.0,4.0,89.4,5.6,3.46,1,1,2.9,1,1,22.0,2
292.0,9.0,74.6,4.5,3.06,0,0,2.6,0,0,29.0,2
270.0,6.0,70.5,1.2,3.39,0,1,3.9,1,0,20.0,1
198.0,8.0,75.0,4.0,2.83,1,1,2.5,0,1,29.0,1
260.0,8.0,58.9,1.2,2.37,2,0,3.0,0,1,22.0,0
252.0,9.0,84.0,0.8,4.14,0,0,4.2,1,1,32.0,2
245.0,8.0,51.2,3.6,4.03,1,1,2.9,1,0,21.0,1
274.0,4.0,71.3,4.0,3.63,1,0,2.9,1,1,23.0,1
252.0,6.0,89.4,4.6,2.87,0,1,1.5,1,1,20.0,2
256.0,7.0,82.5,4.0,2.92,1,0,1.1,1,0,21.0,1
252.0,7.0,86.9,4.1,3.93,2,0,4.2,0,1,29.0,2
242.0,8.0,77.0,1.6,2.89,0,1,4.8,1,0,26.0,0
168.0,8.0,95.5,3.0,2.72,0,1,0.4,0,0,28.0,0
233.0,8.0,91.9,0.8,4.22,2,0,5.9,1,1,19.0,2
211.0,7.0,84.7,0.0,3.07,0,1,5.9,1,1,27.0,0
185.0,5.0,91.9,4.4,4.16,0,0,6.4,1,1,20.0,1
289.0,7.0,89.3,2.0,2.26,2,1,4.7,0,1,19.0,1
291.0,8.0,71.4,4.6,3.41,2,0,5.6,1,0,25.0,2
278.0,6.0,57.8,5.0,4.34,1,0,9.5,1,1,25.0,2
239.0,8.0,84.3,2.2,3.12,1,0,3.2,1,1,24.0,1
277.0,8.0,86.2,4.1,2.94,2,0,1.4,1,0,27.0,2
230.0,7.0,94.4,2.1,2.4,1,0,0.2,1,0,27.0,1
237.0,3.0,64.0,0.2,3.75,1,0,8.4,1,1,30.0,0
192.0,5.0,64.4,3.4,2.64,2,1,8.4,1,0,19.0,0
244.0,9.0,84.9,2.4,3.04,1,0,1.7,1,1,30.0,1
232.0,6.0,76.9,2.5,2.36,1,0,2.2,1,0,32.0,0
184.0,4.0,49.7,6.4,4.03,1,0,3.2,1,1,23.0,0
228.0,9.0,83.6,0.8,3.79,1,1,7.1,1,1,17.0,2
227.0,7.0,50.2,3.8,3.08,1,0,0.8,1,1,18.0,0
293.0,9.0,63.8,1.6,2.41,1,0,0.0,1,1,22.0,2
261.0,8.0,98.3,4.7,4.02,1,1,9.4,1,0,32.0,2
230.0,8.0,100.0,3.7,2.88,2,0,4.8,1,1,24.0,2
239.0,8.0,59.8,3.8,2.44,1,1,5.1,1,1,22.0,1
232.0,8.0,73.1,1.7,2.04,0,0,3.5,1,1,21.0,0
223.0,9.0,78.6,2.0,2.71,0,1,5.2,1,1,19.0,0
192.0,9.0,100.0,4.7,2.23,0,0,0.2,1,1,27.0,1
225.0,5.0,70.6,6.0,2.73,1,1,1.9,0,1,24.0,1
204.0,8.0,70.8,4.0,3.55,1,1,4.3,0,1,32.0,2
186.0,9.0,100.0,1.8,2.87,0,0,0.0,0,1,27.0,1
248.0,9.0,72.4,3.7,3.31,2,0,3.2,1,1,27.0,2
244.0,7.0,88.8,7.1,2.67,0,0,3.1,1,0,23.0,2
167.0,9.0,55.8,3.4,3.14,0,0,3.2,1,0,20.0,1
226.0,8.0,75.4,5.5,4.25,2,1,2.6,0,1,21.0,2
265.0,9.0,53.1,2.0,2.89,1,1,1.5,1,0,19.0,1
267.0,6.0,62.2,3.1,3.33,1,1,0.0,1,0,28.0,1
266.0,6.0,90.6,4.2,2.16,2,1,4.4,1,0,22.0,1
231.0,7.0,77.3,3.8,4.01,2,1,3.2,0,1,28.0,2
200.0,7.0,73.2,2.0,2.81,0,1,0.6,0,1,25.0,0
192.0,6.0,66.8,1.9,3.73,1,0,4.2,0,1,23.0,0
242.0,3.0,74.7,4.8,3.03,1,0,3.3,1,1,19.0,1
243.0,7.0,82.5,5.1,3.47,0,0,2.8,1,1,25.0,1
275.0,8.0,92.7,5.6,3.5,2,0,0.0,0,0,23.0,2
268.0,7.0,38.6,6.1,2.83,1,0,5.7,1,0,28.0,1
225.0,9.0,65.5,3.4,3.76,2,0,0.9,0,0,21.0,2
186.0,7.0,80.4,2.7,2.64,1,0,4.2,1,0,26.0,0
219.0,9.0,76.5,5.4,3.57,1,0,2.0,0,1,31.0,1
238.0,8.0,84.1,4.3,2.87,0,0,3.0,0,0,25.0,1
223.0,8.0,82.0,1.6,3.31,2,0,6.9,0,1,27.0,1
210.0,8.0,73.4,1.5,2.82,1,0,5.3,1,1,26.0,1
239.0,9.0,70.1,4.0,3.13,0,0,6.8,1,0,32.0,1
212.0,7.0,74.3,2.9,2.46,0,1,4.8,1,1,25.0,0
208.0,8.0,95.2,3.2,3.25,1,1,5.0,0,1,27.0,1
241.0,8.0,67.0,4.9,3.13,0,0,0.0,1,1,24.0,1
216.0,7.0,77.1,4.4,2.78,1,0,3.2,1,1,21.0,1
239.0,8.0,80.8,5.3,3.07,1,0,3.4,1,1,19.0,1
240.0,9.0,100.0,0.1,3.18,0,0,7.1,0,1,29.0,1
190.0,7.0,73.5,3.6,2.73,1,0,2.7,1,1,20.0,0
213.0,8.0,92.4,4.3,3.02,0,1,4.7,1,0,27.0,1
280.0,9.0,96.5,0.8,2.5,2,0,4.6,1,1,26.0,1
189.0,9.0,77.0,2.2,4.51,2,0,6.9,1,1,28.0,2
156.0,7.0,74.8,1.9,3.74,0,1,3.7,1,0,22.0,0
165.0,4.0,73.1,3.2,3.26,1,0,6.1,1,0,21.0,0
231.0,8.0,74.2,5.8,3.8,1,0,0.0,0,0,26.0,1
231.0,4.0,90.8,6.4,1.91,2,0,0.0,0,0,23.0,0
226.0,9.0,81.5,1.9,1.57,1,1,0.0,1,0,19.0,0
272.0,7.0,81.5,4.0,2.86,1,0,6.0,0,0,32.0,1
136.0,9.0,61.1,4.1,2.27,2,1,5.7,1,1,21.0,0
244.0,6.0,63.5,3.8,2.96,0,1,6.2,0,1,20.0,1
285.0,5.0,100.0,3.8,3.22,1,0,2.3,0,1,23.0,2
191.0,8.0,75.3,3.7,3.65,0,1,2.6,0,0,29.0,1
217.0,7.0,66.4,5.9,2.42,1,0,3.7,1,1,15.0,1
204.0,7.0,99.5,5.0,3.34,1,0,7.6,1,0,29.0,2
199.0,7.0,82.2,1.5,3.11,2,0,8.2,1,0,20.0,1
219.0,9.0,86.7,4.5,3.31,1,1,6.0,1,1,25.0,1
280.0,8.0,75.9,4.6,2.79,0,0,4.8,1,1,21.0,1
294.0,9.0,73.2,3.7,3.93,2,0,7.3,1,1,32.0,2
218.0,8.0,75.5,5.0,3.04,2,1,3.4,1,1,24.0,1
297.0,9.0,57.3,3.5,4.16,1,0,3.0,1,1,21.0,2
231.0,7.0,76.7,3.5,2.63,1,1,3.7,0,1,23.0,1
291.0,4.0,82.4,3.4,3.55,0,1,1.6,1,1,24.0,2
227.0,7.0,100.0,0.0,3.06,1,1,3.6,1,0,25.0,1
235.0,8.0,79.3,3.1,2.9,0,1,1.2,0,0,26.0,1
243.0,6.0,43.0,2.1,3.48,0,1,6.6,1,1,24.0,0
340.0,7.0,76.6,1.3,2.92,2,0,5.4,1,1,18.0,2
260.0,6.0,100.0,5.5,1.5,1,1,7.6,0,0,23.0,1
205.0,9.0,91.0,4.0,1.26,0,1,0.0,1,0,26.0,0
264.0,8.0,65.8,3.2,3.86,0,1,8.8,0,0,21.0,2
217.0,8.0,86.9,2.3,3.84,2,1,0.1,0,0,27.0,2
213.0,8.0,66.9,3.7,4.23,0,0,1.0,1,0,24.0,2
262.0,7.0,57.7,4.8,3.09,0,0,2.4,1,1,23.0,1
231.0,7.0,72.8,1.9,2.32,0,0,7.3,1,0,29.0,0
240.0,6.0,79.4,3.2,2.85,0,0,4.6,1,0,17.0,1
230.0,4.0,49.9,4.6,3.11,0,1,3.4,1,0,21.0,0
242.0,7.0,60.8,0.1,2.5,2,1,2.0,1,1,29.0,0
245.0,8.0,78.2,3.1,4.09,0,0,0.6,1,0,31.0,2
162.0,9.0,71.9,2.5,4.44,1,0,6.8,0,0,33.0,1
253.0,9.0,83.9,3.0,3.39,1,1,6.0,1,1,24.0,2
196.0,9.0,59.8,2.4,3.09,1,0,7.4,1,1,26.0,0
180.0,6.0,88.7,3.4,2.32,1,1,5.0,1,0,27.0,0
228.0,7.0,60.2,6.3,4.03,1,1,0.0,1,1,29.0,2
233.0,8.0,100.0,2.7,3.15,1,0,0.9,0,0,25.0,2
206.0,9.0,52.3,3.7,2.93,1,0,5.2,1,1,28.0,0
259.0,9.0,61.6,6.4,3.39,1,1,3.1,1,0,26.0,1
183.0,9.0,84.3,2.3,2.75,1,0,2.6,1,1,26.0,1
216.0,7.0,100.0,6.1,3.19,1,1,1.2,1,1,20.0,2
210.0,6.0,82.7,3.2,2.23,0,0,6.4,1,1,23.0,0
228.0,8.0,86.4,6.1,3.75,1,0,5.1,1,1,22.0,2
240.0,6.0,78.3,4.4,3.04,1,0,5.3,1,0,19.0,1
195.0,7.0,62.6,3.7,3.8,0,1,2.4,1,1,17.0,1
255.0,7.0,70.6,3.1,2.98,2,1,4.4,0,0,22.0,2
232.0,9.0,59.8,2.2,3.02,0,1,0.7,0,0,23.0,1
164.0,7.0,58.8,3.3,2.37,0,0,3.7,1,1,24.0,0
161.0,4.0,84.0,4.6,3.56,2,1,0.0,1,1,26.0,1
230.0,8.0,61.2,3.2,2.57,0,0,0.1,0,1,25.0,0
222.0,6.0,82.8,2.7,2.81,1,1,3.2,0,1,23.0,0
226.0,7.0,58.5,2.8,3.1,1,1,9.9,1,1,20.0,1
229.0,7.0,82.4,4.8,3.17,2,0,0.0,1,1,28.0,2
238.0,7.0,70.7,5.2,2.08,1,1,0.9,1,1,24.0,0
263.0,8.0,99.1,2.1,2.96,1,0,4.5,1,1,22.0,2
191.0,5.0,82.9,2.1,3.58,1,0,8.4,1,0,23.0,0
189.0,6.0,96.5,3.8,2.87,1,0,4.5,1,1,21.0,1
192.0,8.0,66.7,5.6,2.97,2,1,5.8,1,1,22.0,1
240.0,6.0,78.8,5.0,3.2,2,0,3.2,0,1,22.0,1
274.0,5.0,63.3,1.2,3.02,1,1,2.7,1,0,23.0,0
215.0,8.0,71.8,2.8,2.48,2,0,4.2,0,0,27.0,1
142.0,9.0,74.1,1.7,3.08,1,1,2.4,0,0,26.0,0
170.0,7.0,67.1,2.8,3.7,0,1,5.8,0,0,30.0,0
201.0,4.0,59.8,5.8,2.47,0,0,0.0,0,1,29.0,0
210.0,8.0,56.8,0.9,2.88,1,1,6.2,1,0,32.0,0
216.0,5.0,42.9,0.6,2.27,0,1,4.1,1,0,26.0,0
231.0,8.0,62.2,1.9,3.66,1,0,3.5,1,1,26.0,1
219.0,6.0,87.4,3.7,3.04,1,0,0.0,1,0,22.0,1
267.0,6.0,54.0,4.2,2.59,1,0,1.6,1,0,27.0,0
206.0,7.0,57.5,3.9,3.16,0,1,7.0,0,1,21.0,0
200.0,7.0,100.0,5.1,2.38,2,1,3.5,1,1,18.0,1
247.0,6.0,68.5,0.4,2.48,1,1,4.7,1,1,30.0,0
176.0,8.0,82.8,5.1,2.22,0,1,1.8,1,1,19.0,0
244.0,7.0,87.6,2.7,2.46,1,1,3.9,1,1,26.0,1
234.0,9.0,87.9,4.4,3.91,1,0,0.6,0,0,20.0,2
225.0,8.0,55.2,1.1,2.66,1,0,4.2,1,1,29.0,0
286.0,6.0,74.5,3.2,3.38,1,1,4.9,1,1,29.0,2
208.0,6.0,53.7,3.6,2.6,0,0,4.8,1,1,26.0,0
302.0,5.0,100.0,5.0,3.56,2,0,1.7,0,0,29.0,2
222.0,8.0,54.1,0.7,2.48,1,1,3.1,1,0,24.0,0
185.0,7.0,62.3,3.2,3.12,0,1,5.3,1,0,33.0,1
232.0,4.0,62.4,1.5,3.13,1,1,3.5,1,1,27.0,0
192.0,6.0,55.6,4.0,4.5,1,0,3.3,1,1,20.0,1
204.0,6.0,98.3,4.4,3.48,1,1,8.8,0,0,24.0,2
244.0,9.0,100.0,5.3,2.74,1,0,1.6,1,1,23.0,2
249.0,5.0,70.9,2.3,3.51,1,0,6.7,0,1,23.0,1
208.0,5.0,58.2,4.7,4.38,1,1,1.1,0,1,17.0,1
265.0,9.0,44.4,5.4,2.12,0,1,5.6,0,0,26.0,0
271.0,9.0,74.3,0.6,2.59,0,1,5.8,1,1,18.0,1
280.0,6.0,73.3,4.2,2.96,2,1,2.7,1,1,15.0,2
249.0,6.0,68.2,4.7,2.85,1,1,1.0,0,1,23.0,1
278.0,8.0,81.3,2.8,2.9,1,0,0.0,0,1,21.0,1
164.0,4.0,83.9,1.3,2.32,0,0,2.5,1,1,21.0,0
219.0,5.0,82.8,4.7,3.94,1,1,5.3,1,0,15.0,1
200.0,7.0,73.3,1.3,2.25,0,1,1.3,0,1,21.0,0
234.0,9.0,61.5,2.9,2.98,0,0,4.2,1,0,23.0,1
210.0,7.0,88.0,3.1,3.73,0,0,0.3,0,1,21.0,2
224.0,7.0,78.2,4.3,3.08,1,0,3.4,1,1,26.0,1
296.0,9.0,91.3,2.2,2.51,1,0,1.1,0,1,30.0,2
224.0,9.0,89.9,2.1,2.29,0,1,3.8,1,1,26.0,0
244.0,6.0,56.7,3.4,2.96,0,0,2.7,1,0,28.0,0
222.0,7.0,56.5,4.8,2.65,1,0,1.0,1,0,28.0,1
233.0,9.0,66.7,6.9,3.22,1,1,2.4,1,1,20.0,2
230.0,5.0,62.2,0.8,2.26,1,0,1.7,1,0,26.0,0
246.0,9.0,89.3,3.7,3.59,0,0,0.7,1,0,28.0,2
271.0,6.0,83.3,1.5,3.17,1,0,6.7,1,1,22.0,1
288.0,7.0,94.5,4.8,3.21,2,0,3.1,1,0,21.0,2
241.0,7.0,83.9,1.7,3.96,1,0,0.0,1,0,26.0,1
251.0,6.0,81.1,2.1,2.84,0,0,2.4,0,0,18.0,0
190.0,6.0,96.0,2.3,2.66,1,0,6.3,0,1,20.0,0
227.0,8.0,85.0,3.1,2.77,0,0,2.1,0,0,21.0,2
263.0,9.0,79.0,3.7,2.98,0,0,7.7,1,1,26.0,2
260.0,7.0,100.0,4.0,3.05,0,0,1.9,0,1,25.0,2
237.0,7.0,79.7,3.2,2.6,2,1,5.3,0,0,28.0,0
261.0,8.0,73.4,1.1,1.89,1,0,6.6,1,0,20.0,0
247.0,6.0,65.4,4.4,2.76,2,0,5.1,0,0,20.0,1
272.0,8.0,88.5,3.1,3.32,1,1,0.6,1,1,26.0,2
240.0,8.0,96.6,5.1,3.18,1,0,1.6,1,0,21.0,1
218.0,9.0,77.2,2.1,3.82,0,0,6.9,0,0,22.0,2
242.0,7.0,97.6,0.6,4.27,1,1,2.0,1,0,17.0,2
127.0,7.0,48.4,3.1,3.56,0,1,6.4,0,0,25.0,0
243.0,8.0,77.2,5.3,3.93,1,0,2.9,1,1,30.0,2
120.0,8.0,77.4,3.5,3.56,0,1,4.4,1,0,20.0,1
170.0,6.0,67.1,2.9,4.13,1,1,0.5,0,1,28.0,1
246.0,7.0,100.0,1.8,4.21,1,0,2.5,0,0,24.0,2
247.0,8.0,77.0,6.0,3.67,0,0,1.8,1,1,17.0,2
189.0,6.0,71.9,1.6,3.52,0,0,4.6,1,1,20.0,0
205.0,7.0,78.4,2.0,2.98,2,1,4.2,0,0,20.0,1
278.0,7.0,48.0,4.1,3.08,0,0,5.2,1,1,23.0,1
213.0,9.0,66.6,0.2,2.9,0,0,2.8,1,1,26.0,0
309.0,6.0,92.7,5.2,3.47,0,0,1.7,1,1,31.0,2
230.0,5.0,68.6,4.2,2.67,1,1,4.5,0,1,18.0,1
244.0,5.0,65.6,4.6,2.99,1,0,1.4,0,1,22.0,0
287.0,5.0,97.6,4.1,1.69,0,0,6.7,1,0,20.0,1
235.0,5.0,98.1,2.9,4.13,1,0,3.7,0,1,19.0,2
195.0,7.0,85.8,1.5,2.97,1,1,3.2,0,0,24.0,0
226.0,6.0,71.2,3.0,3.37,0,0,5.2,0,1,24.0,1
229.0,6.0,74.4,1.6,3.97,2,1,3.8,0,1,17.0,2
182.0,6.0,65.9,4.0,3.28,2,0,0.0,1,1,24.0,0
221.0,7.0,63.1,4.5,3.97,0,0,1.3,0,1,19.0,1
204.0,9.0,62.3,5.6,2.35,0,0,6.6,1,0,24.0,0
262.0,8.0,68.7,3.8,4.54,0,0,4.2,0,1,29.0,2
231.0,7.0,62.5,4.7,3.75,0,0,0.0,1,0,26.0,1
220.0,7.0,54.5,2.7,3.23,1,1,4.9,1,1,25.0,1
226.0,7.0,81.3,2.4,3.96,1,0,2.6,1,1,22.0,2
238.0,8.0,81.5,4.0,2.4,1,1,1.8,1,0,24.0,1
252.0,8.0,100.0,2.6,2.93,0,0,1.1,1,1,26.0,1
195.0,6.0,68.0,3.6,3.97,0,1,6.5,0,0,26.0,1
194.0,7.0,82.4,1.5,1.98,2,0,0.0,1,1,24.0,0
269.0,4.0,82.7,1.8,3.44,2,0,1.9,1,1,25.0,1
216.0,7.0,74.2,4.2,3.42,0,0,4.3,0,1,19.0,1
180.0,8.0,89.2,4.6,4.28,1,1,7.9,1,1,21.0,2
246.0,7.0,89.6,1.6,2.15,1,1,5.4,0,0,27.0,1
246.0,9.0,82.9,4.3,4.07,1,1,1.9,1,0,27.0,2
176.0,6.0,74.2,2.3,2.76,1,1,7.8,1,0,24.0,0
238.0,8.0,72.6,3.2,2.83,2,0,0.6,1,0,30.0,1
256.0,7.0,57.5,5.5,2.37,0,0,4.7,1,0,26.0,1
243.0,7.0,65.9,4.5,2.45,0,0,5.2,1,1,23.0,1
252.0,7.0,68.7,4.5,3.34,2,1,1.8,1,1,19.0,1
181.0,7.0,61.1,6.3,2.43,0,0,5.7,1,0,30.0,0
242.0,8.0,84.6,2.1,3.54,0,0,2.7,1,1,27.0,1
219.0,9.0,95.9,1.6,2.7,1,1,5.7,1,1,31.0,1
213.0,7.0,64.4,2.0,2.37,1,0,0.0,1,0,33.0,0
260.0,8.0,82.3,2.8,2.78,1,1,4.8,1,1,19.0,1
282.0,6.0,62.5,0.0,3.3,1,0,3.0,0,0,19.0,0
293.0,8.0,73.4,2.9,2.93,1,1,6.9,1,1,15.0,1
276.0,6.0,67.6,2.3,3.12,0,1,3.9,1,1,28.0,1
226.0,9.0,87.0,4.5,3.52,1,1,7.1,1,0,27.0,2
242.0,9.0,67.8,3.8,3.75,1,0,5.3,1,0,24.0,2
257.0,7.0,93.2,2.2,2.91,2,0,3.7,1,1,19.0,1
234.0,4.0,74.3,4.1,2.47,0,0,6.0,1,0,24.0,1
235.0,6.0,68.3,4.4,3.15,0,0,6.0,1,1,25.0,1
259.0,9.0,59.2,2.0,3.38,1,1,5.2,0,1,27.0,1
228.0,8.0,81.8,2.4,2.22,0,0,0.0,1,0,25.0,1
204.0,8.0,91.4,0.0,2.57,0,0,1.5,1,1,27.0,0
215.0,9.0,82.1,1.5,2.67,2,0,7.5,1,1,24.0,0
252.0,8.0,100.0,2.0,2.98,1,1,0.9,1,0,29.0,1
230.0,9.0,99.4,3.3,2.64,0,0,6.2,0,1,27.0,1
242.0,8.0,73.4,1.7,3.52,0,0,5.8,1,0,19.0,1
253.0,9.0,73.2,2.4,2.14,0,0,2.2,1,1,30.0,1
217.0,8.0,85.0,1.2,2.15,1,0,0.0,1,0,29.0,0
256.0,8.0,65.4,3.5,2.9,1,1,2.6,1,0,26.0,1
243.0,7.0,95.5,3.9,2.99,0,0,9.2,1,1,25.0,2
187.0,6.0,83.4,3.8,2.23,1,1,1.8,1,1,31.0,0
280.0,9.0,81.8,3.2,2.74,0,1,2.0,0,0,17.0,1
212.0,8.0,88.3,0.7,2.86,0,1,1.5,0,1,29.0,0
172.0,8.0,100.0,2.2,2.86,0,1,7.0,1,1,22.0,1
193.0,7.0,80.6,2.5,3.19,1,1,3.4,0,0,28.0,0
194.0,6.0,76.3,2.6,2.7,0,0,2.4,0,1,24.0,0
232.0,7.0,100.0,3.3,3.99,0,0,7.5,0,1,19.0,1
220.0,9.0,92.5,5.5,3.39,1,1,5.4,1,1,22.0,2
218.0,8.0,73.2,4.5,2.62,1,1,1.7,1,1,28.0,1
252.0,5.0,78.1,1.6,3.16,0,0,0.9,0,1,23.0,1
242.0,7.0,80.9,4.3,3.17,0,0,6.9,0,1,22.0,1
241.0,9.0,83.4,4.2,3.83,0,0,4.0,1,1,21.0,2
244.0,7.0,57.7,1.9,2.74,1,0,0.1,1,0,27.0,1
252.0,5.0,54.9,4.6,3.56,1,0,0.0,0,0,31.0,2
156.0,9.0,64.7,2.9,3.13,0,0,1.2,1,1,15.0,0
217.0,8.0,63.5,0.9,3.99,1,0,0.9,0,1,35.0,0
154.0,7.0,68.3,3.9,3.87,1,1,0.0,1,0,25.0,1
231.0,7.0,87.5,3.5,3.22,0,1,1.3,0,0,26.0,2
230.0,9.0,75.5,2.8,2.94,0,1,1.7,1,0,22.0,1
267.0,6.0,80.9,3.1,3.4,0,1,2.8,0,1,24.0,2
272.0,9.0,59.6,2.0,2.99,0,0,8.2,1,1,25.0,1
237.0,8.0,71.1,4.2,4.11,1,0,3.3,0,1,20.0,2
212.0,8.0,86.8,3.1,3.15,0,1,3.6,1,0,21.0,0
247.0,7.0,86.9,3.5,2.86,2,1,5.3,1,1,29.0,1
212.0,7.0,67.1,3.8,2.82,1,1,3.4,0,0,18.0,1
230.0,9.0,80.4,1.4,2.37,1,1,5.0,1,0,26.0,0
265.0,6.0,100.0,1.8,3.43,1,1,4.7,1,0,23.0,1
210.0,5.0,77.7,0.0,2.61,1,1,4.3,0,1,20.0,0
258.0,8.0,67.6,4.1,3.76,2,1,10.9,0,1,32.0,2
254.0,8.0,75.4,1.3,2.32,2,1,6.3,1,0,20.0,1
197.0,8.0,79.4,3.4,3.18,1,0,1.3,0,0,19.0,1
264.0,8.0,75.7,3.8,3.79,0,0,4.9,1,1,23.0,2
254.0,7.0,77.5,4.2,1.81,1,0,2.0,1,0,21.0,0
234.0,8.0,56.3,1.3,4.31,0,0,5.1,1,0,24.0,2
203.0,7.0,63.6,3.1,2.84,1,1,0.6,1,0,25.0,0
200.0,7.0,75.8,5.9,3.18,1,0,1.2,1,0,25.0,2
211.0,7.0,75.5,5.9,3.44,1,0,4.9,1,0,24.0,2
249.0,9.0,69.5,4.8,3.54,1,1,6.5,1,1,21.0,2
197.0,5.0,75.3,3.7,3.26,0,0,5.3,1,0,27.0,0
245.0,8.0,78.9,1.6,3.7,1,1,6.1,0,0,24.0,2
187.0,5.0,91.3,4.3,3.41,0,0,4.9,1,1,22.0,1
223.0,7.0,76.5,2.9,4.16,1,0,4.4,1,0,30.0,2
234.0,7.0,84.0,4.1,3.41,1,0,2.7,1,1,24.0,1
316.0,4.0,69.9,2.2,4.28,0,0,6.0,1,0,28.0,2
182.0,8.0,86.6,2.9,3.64,1,0,6.6,1,1,29.0,0
282.0,7.0,83.6,3.5,2.02,0,0,3.8,1,0,29.0,1
235.0,4.0,91.0,3.6,4.67,1,0,3.7,1,1,27.0,2
244.0,8.0,88.7,4.0,2.76,1,0,8.0,0,1,24.0,1
234.0,9.0,86.8,2.3,4.0,1,1,3.9,1,1,24.0,1
246.0,9.0,76.5,1.1,3.12,1,0,4.2,0,1,23.0,1
225.0,8.0,81.7,5.8,3.74,2,0,5.2,1,0,15.0,2
281.0,7.0,94.0,7.2,2.69,1,0,3.8,1,0,27.0,2
214.0,9.0,68.2,3.9,3.48,1,1,1.9,1,1,25.0,0
270.0,9.0,68.6,1.1,2.95,1,1,4.9,1,1,27.0,0
207.0,9.0,80.7,2.0,4.05,1,1,3.9,1,0,24.0,2
228.0,6.0,84.2,4.0,3.36,1,1,8.6,1,1,27.0,1
192.0,7.0,65.6,5.3,3.66,2,0,6.0,1,1,18.0,1
246.0,8.0,76.9,1.3,1.8,0,1,2.5,1,1,19.0,0
281.0,5.0,76.6,3.0,3.05,0,0,5.8,1,1,15.0,1
227.0,8.0,44.8,3.5,3.35,0,1,4.8,0,1,23.0,1
223.0,9.0,74.7,4.6,3.23,0,0,7.3,0,0,21.0,2
191.0,8.0,75.6,2.7,3.68,1,0,2.7,0,1,20.0,1
222.0,9.0,75.6,0.7,2.88,0,1,4.5,1,0,25.0,1
174.0,7.0,99.2,4.2,3.13,1,1,3.8,0,0,22.0,1
198.0,7.0,59.8,5.0,3.81,0,1,4.1,1,1,18.0,1
238.0,8.0,65.6,3.1,1.73,0,0,1.8,1,1,34.0,0
276.0,6.0,38.8,3.8,3.45,1,0,5.4,1,0,24.0,1
328.0,6.0,70.8,2.4,2.9,1,0,5.0,1,1,20.0,1
209.0,9.0,72.1,1.8,2.55,1,0,7.2,1,0,21.0,1
280.0,9.0,70.4,4.8,3.3,1,0,4.0,1,0,23.0,2
239.0,6.0,94.6,3.8,3.84,2,0,3.0,1,1,23.0,2
225.0,9.0,90.9,4.0,3.72,1,1,6.0,0,1,29.0,2
245.0,7.0,79.2,5.6,3.02,0,0,2.0,1,1,24.0,1
232.0,8.0,72.4,1.5,3.63,0,1,6.7,0,0,31.0,2
234.0,8.0,93.4,2.3,3.62,2,1,6.7,0,1,22.0,2
216.0,9.0,77.7,3.5,3.05,1,1,7.1,1,0,26.0,1
181.0,7.0,65.7,2.3,2.68,1,0,4.9,1,1,28.0,0
176.0,9.0,52.3,4.5,2.72,1,0,2.8,1,0,29.0,0
253.0,8.0,71.4,2.9,3.6,0,0,4.3,0,1,29.0,1
220.0,8.0,89.3,1.6,3.07,1,1,5.0,1,0,23.0,1
209.0,6.0,100.0,3.3,2.47,1,0,2.6,0,0,24.0,0
230.0,9.0,78.9,3.5,2.09,2,0,7.3,0,0,15.0,1
258.0,8.0,66.5,4.7,3.6,0,1,5.5,1,1,23.0,2
236.0,8.0,60.2,3.8,2.77,1,1,1.8,1,1,28.0,1
207.0,5.0,86.3,3.9,3.3,0,1,8.7,1,1,28.0,1
273.0,6.0,51.5,3.7,3.84,2,0,4.2,0,0,24.0,1
285.0,9.0,86.3,2.9,2.31,0,1,1.3,0,0,31.0,1
247.0,8.0,90.3,2.1,3.07,1,0,1.9,0,1,22.0,1
264.0,5.0,84.5,3.7,3.0,0,0,7.7,1,0,21.0,1
273.0,9.0,74.7,2.7,3.33,1,1,8.6,1,1,22.0,1
270.0,6.0,86.5,5.9,3.84,1,1,6.5,1,0,20.0,2
251.0,9.0,80.6,5.3,2.3,0,0,7.3,1,1,26.0,1
251.0,7.0,66.3,4.2,3.44,2,0,7.0,1,1,25.0,1
248.0,7.0,100.0,3.8,3.72,2,0,5.4,0,0,26.0,2
192.0,9.0,72.7,3.1,2.99,2,1,4.8,0,0,22.0,1
255.0,6.0,89.6,1.2,3.02,0,1,5.3,1,1,24.0,1
183.0,6.0,41.7,2.9,3.35,1,0,5.8,0,0,15.0,0
202.0,7.0,97.1,3.4,3.31,1,0,2.1,1,1,26.0,1
276.0,8.0,100.0,3.6,3.45,1,1,5.8,1,1,24.0,2
259.0,5.0,78.4,4.0,3.44,1,1,7.6,1,0,20.0,2
282.0,5.0,86.4,4.7,2.51,1,0,3.5,1,1,24.0,1
220.0,8.0,86.4,2.1,3.69,0,1,3.2,1,0,23.0,2
190.0,6.0,68.4,2.1,3.8,1,1,5.2,0,1,31.0,0
222.0,7.0,86.2,5.5,3.21,0,0,2.4,1,0,20.0,2
234.0,5.0,65.9,4.4,2.2,0,1,0.7,1,1,25.0,0
233.0,6.0,68.9,2.6,3.03,0,1,6.9,0,0,20.0,0
270.0,7.0,94.9,3.0,3.22,0,0,2.9,0,0,22.0,2
217.0,9.0,92.6,3.0,2.41,1,1,4.0,0,0,25.0,1
242.0,6.0,67.4,3.3,2.88,1,1,2.5,0,0,23.0,1
195.0,9.0,67.0,4.0,2.25,0,0,7.2,0,1,24.0,0
246.0,6.0,68.3,7.3,3.46,1,0,6.1,0,0,25.0,1
230.0,6.0,89.0,3.5,3.2,2,1,3.4,1,0,22.0,1
204.0,9.0,63.0,4.3,2.11,2,0,1.1,1,0,28.0,1
222.0,7.0,83.4,0.5,3.31,2,0,3.1,1,0,23.0,1
224.0,6.0,89.2,2.4,3.07,2,0,5.4,1,0,24.0,1
221.0,7.0,76.7,5.2,3.41,1,1,4.5,1,0,25.0,1
292.0,9.0,93.2,3.8,2.87,2,1,4.3,1,1,25.0,2
227.0,9.0,73.4,0.0,2.62,2,1,4.5,1,1,27.0,1
221.0,6.0,74.8,4.3,2.64,0,1,5.9,1,1,25.0,0
157.0,7.0,63.3,6.3,2.78,2,0,3.9,1,0,26.0,0
199.0,7.0,93.3,0.0,3.11,1,0,5.1,1,1,23.0,0
221.0,6.0,66.5,5.6,3.19,1,1,1.5,1,1,20.0,1
206.0,7.0,83.2,0.0,2.99,2,0,10.4,0,1,18.0,0
278.0,7.0,76.9,4.7,2.85,1,1,3.3,0,0,17.0,1
224.0,9.0,62.2,3.2,2.89,1,0,4.5,1,0,31.0,1
275.0,9.0,68.9,0.0,4.6,1,0,5.4,0,0,15.0,2
232.0,7.0,98.7,3.9,2.64,1,1,3.0,0,0,29.0,1
231.0,7.0,81.0,5.0,2.77,2,0,4.0,0,1,21.0,1
227.0,8.0,62.9,3.8,5.0,2,0,4.0,1,0,29.0,2
230.0,6.0,82.6,4.1,3.35,1,0,1.7,1,0,15.0,2
290.0,8.0,75.8,2.5,2.27,2,0,5.1,1,0,23.0,1
149.0,7.0,100.0,0.2,3.61,0,0,0.0,0,0,30.0,0
160.0,6.0,82.3,4.3,2.55,2,1,8.4,1,0,27.0,0
211.0,6.0,72.3,6.0,3.65,0,0,6.0,1,0,23.0,1
231.0,9.0,99.3,5.0,2.97,1,1,5.6,1,1,16.0,2
254.0,7.0,50.4,0.0,2.84,0,1,0.0,1,0,19.0,0
247.0,9.0,79.4,0.8,4.07,1,0,2.0,0,1,30.0,2
217.0,6.0,100.0,1.8,3.44,1,0,7.5,1,1,23.0,2
266.0,8.0,76.3,0.7,3.68,0,1,14.4,0,1,24.0,2
266.0,9.0,52.0,3.3,3.36,1,1,7.0,1,1,25.0,1
236.0,6.0,72.1,3.8,2.83,1,1,6.6,1,0,19.0,1
264.0,5.0,99.8,0.9,3.47,0,0,5.3,1,1,26.0,1
240.0,9.0,83.6,4.4,3.83,1,1,1.9,0,1,22.0,2
210.0,6.0,65.4,4.2,3.18,0,1,6.5,1,0,25.0,0
254.0,7.0,67.7,2.3,4.18,0,1,1.2,1,0,22.0,2
234.0,6.0,69.6,2.9,3.61,0,0,1.0,1,1,18.0,1
230.0,8.0,83.4,0.1,3.23,1,1,0.8,0,0,22.0,1
282.0,6.0,98.1,2.7,3.25,1,0,6.4,1,1,27.0,2
144.0,7.0,93.8,3.2,3.18,1,1,3.9,0,0,26.0,0
180.0,8.0,84.8,3.5,2.35,2,0,4.3,0,0,24.0,0
188.0,6.0,58.0,3.8,3.05,1,1,4.0,1,1,28.0,1
217.0,6.0,58.1,3.6,3.23,1,0,1.2,1,1,23.0,0
221.0,7.0,86.0,2.8,2.85,2,1,2.3,0,1,24.0,1
177.0,5.0,57.8,3.7,3.3,1,0,2.4,1,1,22.0,0
196.0,7.0,74.6,4.8,3.11,0,0,0.5,1,1,28.0,0
200.0,7.0,82.6,3.0,3.56,0,1,2.7,1,0,25.0,1
316.0,7.0,60.9,3.7,3.5,1,1,1.3,1,1,22.0,2
293.0,7.0,62.6,2.9,3.2,1,0,5.4,1,0,18.0,2
216.0,7.0,76.6,2.2,2.28,0,1,5.7,1,0,28.0,0
217.0,6.0,85.6,4.0,4.17,2,0,0.8,0,1,21.0,2
190.0,8.0,93.9,2.3,3.01,2,1,3.3,0,0,24.0,1
163.0,9.0,87.1,3.8,3.05,0,1,8.6,1,1,33.0,0
226.0,7.0,79.1,3.2,2.89,0,1,1.5,0,0,27.0,0
195.0,8.0,66.8,2.7,2.81,0,1,5.1,1,0,30.0,0
227.0,7.0,61.9,2.7,4.03,1,0,4.3,1,0,22.0,1
174.0,8.0,70.3,2.4,3.93,2,0,6.7,0,1,28.0,1
203.0,9.0,84.1,0.6,3.37,1,1,4.7,0,1,24.0,1
235.0,8.0,83.0,3.8,3.04,0,0,2.9,1,0,25.0,2
243.0,5.0,46.5,3.6,3.47,1,0,4.2,1,0,32.0,1
245.0,8.0,66.2,4.6,3.14,0,1,4.2,1,0,23.0,2
184.0,9.0,96.1,2.3,2.99,1,0,3.8,0,0,24.0,0
260.0,7.0,79.2,6.2,3.3,1,0,0.7,1,1,20.0,2
202.0,9.0,56.7,2.6,2.84,1,1,7.1,0,1,28.0,0
252.0,6.0,100.0,1.8,3.25,1,0,6.7,1,0,22.0,1
230.0,5.0,77.6,1.6,3.22,2,0,1.4,0,0,28.0,0
182.0,7.0,83.8,0.4,3.46,0,0,3.2,0,1,17.0,0
219.0,5.0,84.0,5.7,2.73,1,0,3.4,1,0,26.0,1
243.0,7.0,72.5,5.4,3.53,0,1,1.1,0,0,21.0,2
251.0,9.0,67.1,4.2,2.56,0,1,0.0,1,1,27.0,0
225.0,5.0,100.0,1.8,2.76,2,1,2.3,0,0,24.0,2
284.0,5.0,93.0,6.1,2.78,1,0,3.1,0,0,22.0,2
265.0,6.0,90.3,2.6,2.46,0,0,0.4,0,0,22.0,1
221.0,7.0,86.6,2.8,3.71,1,0,4.4,1,1,21.0,1
256.0,7.0,63.0,5.5,2.52,1,1,6.9,1,0,27.0,1
298.0,9.0,97.2,4.3,2.68,2,1,6.1,0,1,20.0,2
299.0,9.0,65.4,6.7,3.85,1,0,3.7,1,0,23.0,2
187.0,8.0,82.2,3.6,2.76,0,1,0.0,1,0,25.0,0
198.0,7.0,53.4,2.6,2.99,1,1,5.8,1,1,30.0,0
282.0,8.0,47.4,2.2,2.49,0,0,4.4,1,0,24.0,0
193.0,6.0,82.8,0.2,3.6,0,1,5.1,1,0,23.0,1
184.0,8.0,65.9,2.8,3.61,1,1,8.8,1,0,25.0,1
213.0,6.0,48.2,5.0,3.54,1,0,1.9,1,1,16.0,0
245.0,8.0,86.1,4.2,3.42,0,0,0.0,1,0,19.0,2
226.0,9.0,100.0,3.2,3.14,1,1,1.4,1,1,22.0,2
207.0,7.0,98.8,1.6,2.79,1,1,5.2,0,0,21.0,0
206.0,7.0,74.1,3.6,2.61,1,1,4.1,1,0,18.0,1
205.0,8.0,78.1,4.8,3.87,0,1,1.0,1,0,27.0,2
199.0,3.0,91.3,3.9,3.56,1,1,0.5,1,0,25.0,1
310.0,8.0,94.8,3.5,2.68,0,0,3.1,1,1,25.0,2
240.0,7.0,72.8,1.9,3.12,0,0,0.9,1,0,21.0,1
261.0,7.0,78.5,4.6,2.92,0,0,5.3,1,1,24.0,1
213.0,8.0,82.5,0.0,2.42,0,1,3.0,1,0,26.0,1
223.0,7.0,86.3,3.8,3.21,0,1,2.4,1,1,23.0,2
205.0,6.0,76.0,7.3,2.85,0,1,2.1,1,0,26.0,1
137.0,7.0,76.2,0.8,2.53,2,0,4.7,1,1,21.0,0
182.0,7.0,98.7,2.8,2.21,1,0,4.1,0,0,24.0,1
167.0,7.0,96.1,3.2,2.16,0,1,4.5,1,1,29.0,0
151.0,7.0,85.2,2.5,2.88,2,0,4.5,0,1,29.0,0
188.0,9.0,100.0,4.9,3.05,0,0,3.8,1,1,29.0,1
276.0,6.0,72.2,4.0,2.57,1,1,1.4,1,0,25.0,1
228.0,7.0,100.0,3.4,3.49,2,1,2.2,1,1,24.0,2
275.0,9.0,86.1,4.5,3.06,1,1,3.0,0,0,22.0,2
244.0,5.0,100.0,3.2,3.45,0,0,9.2,1,0,17.0,2
257.0,7.0,60.1,8.3,2.99,1,0,0.6,0,0,19.0,2
198.0,6.0,67.7,3.4,2.63,1,0,3.0,1,1,23.0,1
248.0,7.0,84.3,3.5,3.17,1,0,4.2,0,0,24.0,1
256.0,6.0,84.0,0.5,2.34,1,0,3.2,1,1,30.0,1
210.0,7.0,100.0,2.3,3.42,1,0,6.7,1,1,29.0,1
250.0,9.0,68.0,5.0,2.54,0,1,3.2,1,0,21.0,2
250.0,5.0,91.6,1.1,3.65,1,0,3.4,1,0,27.0,1
211.0,6.0,95.4,0.0,2.9,0,0,6.0,0,1,22.0,0
191.0,5.0,88.6,3.3,3.74,2,0,8.5,1,0,27.0,1
189.0,9.0,63.6,5.4,2.43,1,1,7.5,0,0,27.0,1
233.0,7.0,99.1,3.3,2.69,1,0,3.7,1,0,29.0,1
241.0,7.0,96.4,2.7,3.33,1,0,3.9,1,1,22.0,2
202.0,7.0,87.0,0.2,3.8,0,0,4.1,1,0,28.0,1
231.0,6.0,81.1,3.9,4.1,0,0,4.4,0,0,17.0,2
250.0,7.0,81.4,4.3,3.12,1,1,1.9,1,0,29.0,1
252.0,9.0,76.8,0.3,4.2,1,0,6.3,1,0,24.0,1
284.0,9.0,87.6,5.0,2.93,1,0,4.5,0,1,24.0,2
275.0,6.0,78.5,4.4,3.76,2,1,3.9,1,1,16.0,2
195.0,8.0,65.3,5.0,2.53,1,0,0.8,0,1,22.0,0
289.0,6.0,62.3,4.1,3.35,1,1,4.2,0,1,29.0,2
211.0,5.0,66.7,4.2,1.69,1,0,0.0,1,0,22.0,0
267.0,9.0,81.3,4.0,2.43,0,1,2.5,0,1,27.0,1
232.0,9.0,77.6,4.6,3.38,0,0,2.6,0,1,24.0,2
216.0,9.0,81.2,0.3,2.31,2,0,4.7,1,1,28.0,0
167.0,7.0,85.5,0.8,3.36,2,0,8.7,1,1,25.0,0
224.0,7.0,68.6,2.0,3.64,2,1,5.4,0,0,20.0,1
175.0,8.0,100.0,3.0,2.8,0,0,7.6,0,1,24.0,1
264.0,8.0,74.0,3.8,2.52,0,1,5.6,1,0,30.0,0
283.0,7.0,71.5,3.7,2.82,1,1,6.8,1,1,26.0,1
202.0,5.0,85.2,5.0,2.52,2,0,8.6,1,0,24.0,0
241.0,7.0,50.5,5.0,3.04,0,0,2.2,1,1,33.0,1
205.0,9.0,66.1,1.8,3.16,0,0,2.0,1,1,29.0,1
208.0,6.0,92.7,3.6,2.92,0,1,5.7,1,1,27.0,1
257.0,8.0,51.9,1.8,4.1,1,1,4.0,1,0,25.0,2
229.0,8.0,94.8,2.9,2.67,1,0,4.6,0,1,27.0,1
291.0,8.0,100.0,3.7,3.93,1,0,3.4,0,1,27.0,2
213.0,8.0,72.5,0.0,2.48,0,1,2.5,0,1,15.0,0
265.0,6.0,82.4,7.1,3.14,1,0,8.1,1,1,26.0,1
233.0,5.0,94.8,4.1,3.81,1,0,1.3,1,1,23.0,2
258.0,6.0,71.0,2.2,3.78,0,0,5.7,1,1,22.0,2
214.0,8.0,91.0,6.3,2.85,0,0,5.3,0,0,23.0,2
228.0,6.0,67.9,2.6,3.43,1,1,0.1,1,0,18.0,1
226.0,6.0,70.8,3.4,3.35,0,1,1.9,1,1,17.0,1
201.0,5.0,66.0,2.4,2.78,2,0,2.3,0,1,29.0,0
253.0,9.0,83.1,5.8,3.47,1,0,5.4,1,0,26.0,2
253.0,8.0,95.4,3.0,4.22,1,1,3.1,1,0,15.0,2
251.0,8.0,75.2,3.4,3.38,1,0,3.8,1,0,22.0,2
284.0,9.0,58.9,5.1,3.44,1,0,0.4,1,1,28.0,1
281.0,8.0,61.8,4.1,3.5,0,0,9.8,1,1,23.0,2
217.0,7.0,83.9,3.1,2.22,1,1,4.2,0,1,29.0,0
243.0,7.0,100.0,5.0,3.38,0,1,5.2,1,0,28.0,2
208.0,7.0,83.9,7.3,2.49,1,1,2.6,0,0,19.0,1
231.0,9.0,72.2,3.7,2.75,1,0,2.4,1,1,23.0,0
209.0,8.0,89.5,3.4,4.4,1,1,8.8,1,0,22.0,2
287.0,7.0,74.4,3.5,2.95,1,0,0.0,1,0,18.0,2
243.0,8.0,72.3,5.3,2.66,0,1,4.7,1,0,18.0,1
222.0,6.0,63.6,2.2,3.79,1,0,1.0,0,1,21.0,2
272.0,9.0,99.1,2.8,2.53,0,0,3.0,0,0,21.0,2
154.0,6.0,39.9,0.7,2.83,2,0,2.4,1,0,25.0,0
160.0,8.0,90.0,1.3,3.85,1,0,1.5,0,0,28.0,1
258.0,9.0,71.0,2.4,3.13,2,0,4.1,1,1,26.0,1
232.0,8.0,71.8,3.1,2.16,1,1,0.0,0,0,27.0,1
239.0,7.0,100.0,6.0,3.43,2,1,3.2,1,0,23.0,2
184.0,7.0,67.3,4.1,2.86,0,1,3.8,1,0,26.0,0
229.0,7.0,67.8,1.7,4.02,0,0,0.6,1,0,23.0,0
300.0,6.0,76.0,2.0,2.74,0,0,7.8,1,1,22.0,1
259.0,7.0,84.2,5.4,3.73,0,0,2.5,1,1,32.0,2
236.0,9.0,71.4,5.0,4.17,2,0,3.4,0,0,15.0,2
215.0,7.0,54.4,3.2,2.59,1,0,2.5,1,1,17.0,0
216.0,6.0,65.0,2.5,2.98,1,1,3.8,1,0,26.0,0
155.0,6.0,97.2,5.0,3.33,1,1,7.3,0,1,23.0,1
239.0,9.0,79.1,1.6,2.59,1,0,10.2,1,0,18.0,0
260.0,8.0,84.8,3.8,3.26,1,1,5.9,1,0,20.0,2
175.0,8.0,74.1,6.8,2.97,2,1,6.7,1,1,20.0,1
207.0,7.0,68.1,3.5,2.95,1,0,8.3,1,1,28.0,0
189.0,8.0,100.0,2.0,3.13,1,1,4.6,1,1,29.0,1
196.0,6.0,75.2,3.9,3.14,0,0,7.9,0,1,31.0,0
232.0,7.0,71.3,2.4,3.2,2,0,6.0,0,1,18.0,1
157.0,9.0,94.4,1.0,2.74,0,1,4.4,0,1,19.0,0
251.0,8.0,67.2,4.3,2.77,1,1,4.9,1,0,18.0,2
256.0,6.0,69.1,5.0,3.03,2,0,0.0,0,0,29.0,1
221.0,6.0,78.2,2.7,3.07,0,0,4.7,1,1,26.0,1
143.0,7.0,78.0,2.6,2.84,0,1,0.1,1,1,24.0,0
195.0,9.0,81.9,1.7,3.29,1,0,0.0,1,1,25.0,1
273.0,5.0,100.0,3.0,2.01,1,1,4.5,0,0,24.0,1
133.0,8.0,83.0,2.3,2.66,2,1,1.2,0,0,20.0,0
218.0,5.0,42.3,1.6,2.93,2,0,4.0,1,0,26.0,0
189.0,6.0,82.9,6.2,2.59,1,1,4.3,1,1,23.0,1
258.0,7.0,78.6,3.9,4.08,2,1,4.5,1,0,19.0,2
206.0,7.0,78.7,4.1,3.11,1,1,1.7,1,1,26.0,1
244.0,6.0,81.7,4.6,3.21,2,0,6.2,1,0,22.0,1
250.0,7.0,77.6,4.4,2.81,0,0,3.8,0,0,25.0,1
294.0,6.0,77.2,2.5,3.09,1,0,5.1,1,1,24.0,1
223.0,5.0,87.2,3.6,2.37,0,1,1.0,0,0,28.0,1
243.0,8.0,69.9,2.8,3.0,0,1,3.6,1,1,25.0,0
178.0,8.0,63.8,3.9,2.54,1,1,6.7,0,0,20.0,0
272.0,8.0,100.0,3.7,2.93,0,1,6.4,0,1,25.0,1
203.0,5.0,67.3,2.6,1.56,1,0,2.0,0,1,25.0,0
210.0,8.0,79.5,1.1,2.42,1,0,2.6,1,1,26.0,1
229.0,8.0,55.6,3.4,3.98,0,1,1.5,1,0,28.0,1
175.0,6.0,79.7,2.9,3.6,1,0,2.4,0,0,22.0,1
238.0,7.0,64.0,0.2,3.89,1,1,0.5,1,1,27.0,1
264.0,7.0,71.4,4.0,3.93,2,0,3.7,0,1,17.0,2
240.0,9.0,93.7,4.7,3.5,0,0,5.6,0,1,24.0,2
174.0,9.0,85.1,7.2,2.83,2,1,2.0,1,1,23.0,2
226.0,5.0,86.5,2.6,2.48,2,0,3.8,0,1,30.0,0
256.0,9.0,51.4,2.3,3.79,1,0,3.4,1,1,23.0,1
164.0,6.0,100.0,1.4,3.14,1,1,6.6,1,1,26.0,1
192.0,9.0,60.1,3.5,4.6,1,1,2.5,0,1,17.0,2
261.0,9.0,100.0,3.5,2.88,2,1,2.6,1,1,23.0,2
239.0,6.0,93.3,1.9,4.28,0,1,1.9,1,1,21.0,2
244.0,8.0,86.7,2.9,3.01,2,1,1.2,1,1,34.0,1
295.0,7.0,65.2,0.0,3.9,2,0,5.3,1,0,21.0,2
246.0,8.0,80.3,4.7,4.12,1,0,3.7,0,0,24.0,2
253.0,8.0,70.9,2.0,2.49,1,1,4.1,0,1,25.0,0
325.0,9.0,78.4,3.1,2.81,1,0,7.2,1,1,18.0,2
223.0,7.0,74.3,0.9,2.48,1,1,7.3,1,0,22.0,0
202.0,7.0,47.4,2.3,2.36,2,1,0.0,1,1,26.0,0
245.0,9.0,94.8,2.8,3.5,0,0,5.6,1,1,24.0,2
245.0,8.0,76.8,3.2,2.98,0,0,4.6,1,1,15.0,1
212.0,8.0,70.7,4.0,3.13,0,1,2.8,0,1,22.0,1
194.0,6.0,69.6,5.5,3.43,2,0,4.8,1,0,28.0,1
311.0,6.0,83.4,4.4,1.99,1,0,0.0,1,0,26.0,1
241.0,6.0,64.6,4.7,3.87,2,1,7.7,1,0,29.0,2
204.0,6.0,44.2,5.5,2.89,1,0,5.3,0,1,20.0,0
262.0,8.0,84.1,4.1,3.42,0,0,1.8,1,0,29.0,1
226.0,9.0,85.8,3.1,3.47,2,1,2.5,1,1,24.0,2
221.0,7.0,75.0,4.8,3.92,1,1,0.0,1,1,30.0,2
250.0,9.0,60.8,4.9,3.04,1,0,3.2,1,1,24.0,2
185.0,9.0,79.3,4.2,1.83,0,1,2.8,1,1,16.0,1
242.0,8.0,56.0,0.9,3.13,0,1,0.7,1,1,27.0,0
297.0,6.0,62.6,1.9,3.22,0,0,5.9,1,1,22.0,1
246.0,9.0,66.7,2.8,2.48,1,0,7.2,0,0,22.0,1
217.0,7.0,90.7,4.4,3.19,1,1,3.9,1,0,18.0,2
212.0,7.0,72.6,3.2,2.88,0,0,3.2,0,1,30.0,1
216.0,7.0,71.3,5.0,2.29,0,1,5.1,1,0,22.0,0
221.0,6.0,100.0,5.3,3.5,0,1,4.0,1,1,30.0,2
217.0,5.0,83.3,5.1,2.76,1,0,1.3,1,0,22.0,1
262.0,8.0,83.1,5.1,2.86,2,1,2.4,1,1,20.0,2
169.0,6.0,72.5,1.5,2.82,1,0,3.3,1,0,29.0,0
260.0,9.0,69.1,4.0,3.84,0,1,4.6,1,1,24.0,2
217.0,6.0,45.2,2.2,3.08,1,0,4.0,1,0,24.0,1
243.0,5.0,92.5,0.6,3.15,2,1,4.5,1,1,19.0,0
191.0,8.0,84.7,2.7,2.84,1,0,0.2,0,0,22.0,0
277.0,9.0,75.3,5.3,3.38,2,1,5.7,1,1,26.0,2
274.0,7.0,75.9,3.9,3.91,2,1,4.0,1,0,19.0,2
264.0,8.0,89.0,6.4,3.49,1,0,10.4,0,1,22.0,2
177.0,5.0,54.7,3.5,3.51,2,0,3.0,1,1,22.0,0
259.0,6.0,69.2,7.1,3.46,0,1,4.8,1,1,24.0,2
244.0,6.0,61.0,3.5,2.27,2,1,11.1,1,1,30.0,0
174.0,5.0,100.0,3.2,2.57,2,0,4.5,1,1,23.0,0
229.0,7.0,91.1,1.2,2.98,2,0,3.8,1,1,21.0,1
243.0,4.0,45.0,5.0,2.66,1,1,1.5,1,0,35.0,0
249.0,5.0,55.3,2.4,2.46,1,0,7.8,1,1,22.0,0
236.0,6.0,76.0,2.2,1.98,0,1,1.1,0,0,23.0,0
240.0,6.0,70.9,5.2,2.29,1,0,5.1,1,1,23.0,0
282.0,8.0,58.1,5.1,2.95,1,0,2.8,0,0,23.0,2
273.0,8.0,100.0,5.0,3.06,1,1,3.5,0,0,24.0,2
130.0,8.0,82.7,2.6,2.62,1,0,0.4,1,1,28.0,0
219.0,8.0,85.1,3.1,3.15,0,1,7.4,0,0,26.0,1
224.0,9.0,67.6,3.1,2.84,0,1,3.3,1,0,28.0,1
169.0,7.0,88.8,4.5,3.75,0,0,1.0,1,0,28.0,2
233.0,8.0,72.3,5.7,3.0,1,0,7.1,0,1,25.0,2
274.0,8.0,73.7,3.8,3.52,1,0,2.7,1,0,26.0,2
192.0,7.0,87.2,6.4,3.22,1,1,4.8,1,0,28.0,2
242.0,7.0,53.6,4.6,2.26,0,1,6.1,1,1,20.0,0
198.0,7.0,100.0,2.8,3.05,2,1,5.2,1,1,34.0,2
206.0,6.0,80.7,4.5,2.36,1,0,0.0,1,0,22.0,0
282.0,8.0,97.2,5.9,3.04,0,0,5.7,0,1,23.0,2
211.0,7.0,61.9,6.4,2.65,0,0,3.7,0,0,19.0,0
246.0,6.0,64.2,5.1,3.33,1,1,3.2,1,1,19.0,1
165.0,6.0,60.6,3.2,2.29,1,0,3.7,0,0,28.0,0
295.0,6.0,81.8,2.9,3.11,0,0,0.0,1,0,33.0,1
251.0,9.0,79.0,4.1,3.44,0,0,4.5,1,0,22.0,2
224.0,7.0,71.0,5.9,3.64,0,0,0.6,1,1,25.0,1
250.0,6.0,62.8,3.9,2.64,0,1,3.3,1,0,25.0,1
181.0,8.0,59.0,3.9,3.11,0,1,4.4,1,1,28.0,0
271.0,6.0,77.3,3.3,3.21,2,1,6.7,0,0,33.0,1
219.0,5.0,71.0,2.7,4.03,1,0,2.0,1,1,30.0,1
223.0,9.0,67.7,2.9,2.21,1,1,7.6,1,1,23.0,0
213.0,6.0,100.0,3.4,2.55,1,0,6.4,1,0,26.0,0
210.0,7.0,76.8,5.9,4.78,1,1,2.9,1,0,27.0,2
254.0,7.0,97.1,2.8,2.94,0,1,1.2,1,0,24.0,2
239.0,9.0,70.0,3.3,1.97,0,0,0.4,0,1,20.0,1
253.0,7.0,81.7,1.8,2.75,0,1,4.7,1,0,21.0,1
230.0,6.0,77.2,4.3,1.44,1,0,2.2,1,1,29.0,0
248.0,8.0,52.5,5.4,3.24,1,0,7.0,0,1,29.0,1
215.0,7.0,99.4,5.8,3.59,1,0,2.3,1,1,23.0,2
308.0,9.0,76.0,3.5,2.55,1,0,1.7,0,1,25.0,1
175.0,7.0,89.2,4.1,2.82,2,1,4.6,0,0,29.0,1
274.0,4.0,66.7,3.0,3.65,0,1,2.3,0,0,17.0,1
278.0,8.0,75.5,4.0,2.05,1,1,4.0,1,1,22.0,1
200.0,9.0,65.0,3.7,2.31,1,1,6.5,0,0,32.0,1
308.0,9.0,96.5,3.3,2.96,1,1,4.3,0,1,25.0,2
265.0,9.0,82.7,3.4,2.65,1,0,4.3,1,1,19.0,1
264.0,6.0,83.5,3.9,2.92,1,0,4.5,1,0,24.0,1
231.0,8.0,98.4,2.7,2.34,0,0,0.0,0,0,28.0,1
222.0,6.0,95.3,2.8,3.23,1,1,5.0,0,0,15.0,0
223.0,8.0,89.5,5.9,3.01,2,1,4.4,1,0,25.0,2
244.0,5.0,56.7,7.5,3.43,1,1,6.2,1,1,23.0,1
279.0,6.0,67.6,1.3,3.22,2,0,5.5,1,1,17.0,0
236.0,6.0,62.9,1.2,3.22,1,0,3.5,0,0,24.0,0
198.0,8.0,88.9,1.7,2.23,1,1,6.6,1,1,23.0,0
259.0,8.0,80.6,3.0,3.4,1,0,3.3,1,0,24.0,1
262.0,8.0,57.1,4.6,2.9,1,1,4.6,0,1,23.0,1
253.0,5.0,75.2,4.1,3.0,2,0,3.2,0,1,20.0,1
256.0,7.0,55.6,3.5,3.73,0,0,5.2,1,0,18.0,2
221.0,6.0,77.2,4.0,2.67,1,1,3.1,1,1,21.0,1
197.0,8.0,53.2,2.1,3.91,1,1,8.1,0,1,27.0,0
200.0,9.0,85.9,2.8,3.97,2,1,9.0,1,0,25.0,2
173.0,9.0,83.7,3.2,3.55,1,0,6.2,1,0,24.0,1
238.0,6.0,100.0,0.7,2.51,2,0,7.9,1,1,20.0,0
227.0,3.0,90.7,1.3,1.79,2,1,0.2,0,0,23.0,0
215.0,5.0,71.7,1.4,3.75,0,1,0.4,1,0,27.0,1
127.0,9.0,90.3,4.4,3.17,2,0,3.2,1,0,26.0,0
186.0,7.0,57.0,3.6,2.65,2,1,4.1,1,1,22.0,0
269.0,6.0,63.6,4.2,3.8,0,0,3.5,1,0,15.0,1
207.0,9.0,83.0,0.3,2.58,1,0,0.0,1,1,21.0,0
243.0,9.0,45.6,0.8,2.85,0,1,6.9,1,0,22.0,0
181.0,7.0,77.4,4.3,3.41,1,1,9.4,1,0,20.0,1
280.0,7.0,62.7,0.0,2.43,0,0,7.2,1,1,22.0,0
225.0,7.0,79.5,5.2,3.03,1,0,6.7,1,0,27.0,1
240.0,8.0,61.8,0.3,3.75,1,1,4.6,1,1,24.0,1
311.0,9.0,84.4,4.5,3.23,1,1,1.9,1,0,28.0,2
283.0,8.0,78.3,1.8,3.85,0,1,4.2,1,1,18.0,2
219.0,8.0,99.0,4.9,3.78,1,0,9.3,0,0,23.0,2
209.0,9.0,78.1,8.3,3.1,1,1,3.1,0,1,16.0,2
219.0,6.0,66.5,0.0,1.7,1,1,2.9,1,0,22.0,0
248.0,8.0,74.3,4.3,2.44,0,0,6.8,1,1,20.0,1
226.0,7.0,57.8,0.3,3.56,0,0,6.9,1,0,29.0,0
216.0,4.0,84.1,3.9,2.17,1,1,1.9,1,0,26.0,0
281.0,4.0,86.8,2.9,2.9,2,1,3.3,1,1,28.0,2
226.0,6.0,100.0,3.4,3.3,0,1,2.7,0,0,22.0,2
310.0,8.0,68.7,1.7,3.98,1,1,4.2,0,0,20.0,2
233.0,7.0,74.0,4.4,2.75,0,1,6.8,0,1,20.0,1
292.0,7.0,69.4,0.9,2.71,1,0,2.0,0,1,25.0,1
243.0,9.0,81.2,5.2,3.07,0,0,6.7,1,1,31.0,1
264.0,5.0,83.7,2.5,3.31,1,1,4.3,1,1,26.0,1
205.0,7.0,77.2,1.0,3.01,1,0,9.8,0,0,23.0,1
200.0,8.0,94.3,5.8,3.73,0,0,4.8,1,0,23.0,2
246.0,6.0,68.7,3.1,2.62,0,1,3.8,1,1,24.0,0
265.0,7.0,92.8,6.3,3.17,1,0,5.4,1,0,32.0,2
231.0,5.0,86.1,5.2,3.37,1,1,3.2,1,0,29.0,1
185.0,9.0,77.8,1.9,2.86,2,0,0.0,0,0,25.0,0
182.0,6.0,73.3,3.1,3.6,1,0,3.4,1,0,24.0,0
180.0,9.0,100.0,3.4,3.19,2,0,3.4,0,0,25.0,1
168.0,7.0,65.7,5.6,3.57,1,1,0.0,0,0,26.0,1
234.0,9.0,82.5,3.9,3.22,0,1,3.8,0,1,22.0,2
269.0,7.0,66.7,3.5,3.33,0,0,0.0,1,1,21.0,1
230.0,7.0,100.0,2.9,2.72,1,0,3.1,0,1,28.0,1
151.0,6.0,91.3,3.1,2.72,0,0,4.6,1,0,24.0,0
223.0,7.0,67.8,5.3,3.83,2,1,4.2,0,0,28.0,2
224.0,8.0,85.7,3.2,3.48,1,1,3.0,0,1,31.0,1
303.0,6.0,81.9,2.6,2.49,1,1,3.8,1,0,26.0,1
179.0,7.0,70.3,2.3,3.21,1,0,2.0,1,0,25.0,0
216.0,6.0,89.4,2.3,1.68,1,1,4.0,0,1,36.0,0
290.0,9.0,83.8,1.0,2.76,1,0,4.1,1,1,25.0,1
246.0,7.0,81.2,2.0,3.68,0,0,1.7,0,0,20.0,1
250.0,9.0,77.4,5.6,3.02,0,0,4.7,1,1,23.0,2
234.0,7.0,84.5,2.9,3.17,0,0,4.7,0,1,30.0,0
242.0,8.0,81.4,4.3,1.29,0,0,3.6,1,1,19.0,0
257.0,5.0,78.9,0.0,2.86,1,1,10.1,1,0,21.0,0
202.0,7.0,68.4,4.1,3.3,0,0,3.6,0,1,28.0,1
261.0,7.0,100.0,2.9,3.38,0,1,3.3,0,1,23.0,1
182.0,9.0,62.2,2.4,3.68,2,1,2.9,1,0,24.0,0
241.0,8.0,84.4,3.5,2.97,2,1,1.6,1,1,28.0,1
236.0,9.0,73.2,2.4,3.0,1,0,5.7,1,1,21.0,2
208.0,8.0,100.0,0.0,2.3,1,1,2.3,1,0,18.0,1
229.0,9.0,64.4,4.7,2.98,1,0,2.6,0,0,18.0,1
208.0,7.0,67.0,3.6,2.34,0,0,2.7,1,0,26.0,0
192.0,9.0,63.5,2.7,1.99,1,0,1.5,0,1,25.0,0
218.0,7.0,82.9,1.7,2.45,0,1,0.0,1,0,21.0,1
191.0,6.0,57.4,0.8,4.01,1,1,2.8,0,1,19.0,1
241.0,6.0,70.8,3.6,2.94,2,1,6.2,1,0,23.0,1
190.0,9.0,45.7,5.8,3.23,1,1,4.5,0,1,28.0,1
255.0,8.0,81.6,3.5,2.79,2,0,7.9,1,1,21.0,1
189.0,7.0,70.5,1.0,2.03,1,1,5.9,1,1,21.0,0
